lineage_id,output_file,output_record_id,output_column,output_value,output_unit,lineage_role,source_record_id,transformation_id,scenario_id,parent_input_ids,verification_status,notes
nodes.csv:S1:node_id,nodes.csv,S1,node_id,S1,identifier,identifier,NODE_S1,T_STRUCTURAL_ID,,,documented,machine lineage; external source review may remain
nodes.csv:C01:node_id,nodes.csv,C01,node_id,C01,identifier,identifier,NODE_S1,T_STRUCTURAL_ID,,,documented,machine lineage; external source review may remain
nodes.csv:C02:node_id,nodes.csv,C02,node_id,C02,identifier,identifier,NODE_S1,T_STRUCTURAL_ID,,,documented,machine lineage; external source review may remain
nodes.csv:C03:node_id,nodes.csv,C03,node_id,C03,identifier,identifier,NODE_S1,T_STRUCTURAL_ID,,,documented,machine lineage; external source review may remain
nodes.csv:C04:node_id,nodes.csv,C04,node_id,C04,identifier,identifier,NODE_S1,T_STRUCTURAL_ID,,,documented,machine lineage; external source review may remain
nodes.csv:C05:node_id,nodes.csv,C05,node_id,C05,identifier,identifier,NODE_S1,T_STRUCTURAL_ID,,,documented,machine lineage; external source review may remain
nodes.csv:C06:node_id,nodes.csv,C06,node_id,C06,identifier,identifier,NODE_S1,T_STRUCTURAL_ID,,,documented,machine lineage; external source review may remain
nodes.csv:C07:node_id,nodes.csv,C07,node_id,C07,identifier,identifier,NODE_S1,T_STRUCTURAL_ID,,,documented,machine lineage; external source review may remain
nodes.csv:C08:node_id,nodes.csv,C08,node_id,C08,identifier,identifier,NODE_S1,T_STRUCTURAL_ID,,,documented,machine lineage; external source review may remain
nodes.csv:M09:node_id,nodes.csv,M09,node_id,M09,identifier,identifier,NODE_S1,T_STRUCTURAL_ID,,,documented,machine lineage; external source review may remain
nodes.csv:M10:node_id,nodes.csv,M10,node_id,M10,identifier,identifier,NODE_S1,T_STRUCTURAL_ID,,,documented,machine lineage; external source review may remain
nodes.csv:M11:node_id,nodes.csv,M11,node_id,M11,identifier,identifier,NODE_S1,T_STRUCTURAL_ID,,,documented,machine lineage; external source review may remain
nodes.csv:M12:node_id,nodes.csv,M12,node_id,M12,identifier,identifier,NODE_S1,T_STRUCTURAL_ID,,,documented,machine lineage; external source review may remain
nodes.csv:M13:node_id,nodes.csv,M13,node_id,M13,identifier,identifier,NODE_S1,T_STRUCTURAL_ID,,,documented,machine lineage; external source review may remain
nodes.csv:M14:node_id,nodes.csv,M14,node_id,M14,identifier,identifier,NODE_S1,T_STRUCTURAL_ID,,,documented,machine lineage; external source review may remain
nodes.csv:M15:node_id,nodes.csv,M15,node_id,M15,identifier,identifier,NODE_S1,T_STRUCTURAL_ID,,,documented,machine lineage; external source review may remain
nodes.csv:S1:city,nodes.csv,S1,city,Ma'anshan,text,identifier,NODE_S1,T_STRUCTURAL_ID,,,documented,machine lineage; external source review may remain
nodes.csv:C01:city,nodes.csv,C01,city,Shanghai,text,identifier,NODE_S1,T_STRUCTURAL_ID,,,documented,machine lineage; external source review may remain
nodes.csv:C02:city,nodes.csv,C02,city,Nanjing,text,identifier,NODE_S1,T_STRUCTURAL_ID,,,documented,machine lineage; external source review may remain
nodes.csv:C03:city,nodes.csv,C03,city,Suzhou,text,identifier,NODE_S1,T_STRUCTURAL_ID,,,documented,machine lineage; external source review may remain
nodes.csv:C04:city,nodes.csv,C04,city,Wuxi,text,identifier,NODE_S1,T_STRUCTURAL_ID,,,documented,machine lineage; external source review may remain
nodes.csv:C05:city,nodes.csv,C05,city,Hangzhou,text,identifier,NODE_S1,T_STRUCTURAL_ID,,,documented,machine lineage; external source review may remain
nodes.csv:C06:city,nodes.csv,C06,city,Ningbo,text,identifier,NODE_S1,T_STRUCTURAL_ID,,,documented,machine lineage; external source review may remain
nodes.csv:C07:city,nodes.csv,C07,city,Hefei,text,identifier,NODE_S1,T_STRUCTURAL_ID,,,documented,machine lineage; external source review may remain
nodes.csv:C08:city,nodes.csv,C08,city,Jiaxing,text,identifier,NODE_S1,T_STRUCTURAL_ID,,,documented,machine lineage; external source review may remain
nodes.csv:M09:city,nodes.csv,M09,city,Changzhou,text,identifier,NODE_S1,T_STRUCTURAL_ID,,,documented,machine lineage; external source review may remain
nodes.csv:M10:city,nodes.csv,M10,city,Nantong,text,identifier,NODE_S1,T_STRUCTURAL_ID,,,documented,machine lineage; external source review may remain
nodes.csv:M11:city,nodes.csv,M11,city,Taizhou (Jiangsu),text,identifier,NODE_S1,T_STRUCTURAL_ID,,,documented,machine lineage; external source review may remain
nodes.csv:M12:city,nodes.csv,M12,city,Shaoxing,text,identifier,NODE_S1,T_STRUCTURAL_ID,,,documented,machine lineage; external source review may remain
nodes.csv:M13:city,nodes.csv,M13,city,Huzhou,text,identifier,NODE_S1,T_STRUCTURAL_ID,,,documented,machine lineage; external source review may remain
nodes.csv:M14:city,nodes.csv,M14,city,Wuhu,text,identifier,NODE_S1,T_STRUCTURAL_ID,,,documented,machine lineage; external source review may remain
nodes.csv:M15:city,nodes.csv,M15,city,Jinhua,text,identifier,NODE_S1,T_STRUCTURAL_ID,,,documented,machine lineage; external source review may remain
nodes.csv:S1:province,nodes.csv,S1,province,Anhui,text,identifier,NODE_S1,T_STRUCTURAL_ID,,,documented,machine lineage; external source review may remain
nodes.csv:C01:province,nodes.csv,C01,province,Shanghai,text,identifier,NODE_S1,T_STRUCTURAL_ID,,,documented,machine lineage; external source review may remain
nodes.csv:C02:province,nodes.csv,C02,province,Jiangsu,text,identifier,NODE_S1,T_STRUCTURAL_ID,,,documented,machine lineage; external source review may remain
nodes.csv:C03:province,nodes.csv,C03,province,Jiangsu,text,identifier,NODE_S1,T_STRUCTURAL_ID,,,documented,machine lineage; external source review may remain
nodes.csv:C04:province,nodes.csv,C04,province,Jiangsu,text,identifier,NODE_S1,T_STRUCTURAL_ID,,,documented,machine lineage; external source review may remain
nodes.csv:C05:province,nodes.csv,C05,province,Zhejiang,text,identifier,NODE_S1,T_STRUCTURAL_ID,,,documented,machine lineage; external source review may remain
nodes.csv:C06:province,nodes.csv,C06,province,Zhejiang,text,identifier,NODE_S1,T_STRUCTURAL_ID,,,documented,machine lineage; external source review may remain
nodes.csv:C07:province,nodes.csv,C07,province,Anhui,text,identifier,NODE_S1,T_STRUCTURAL_ID,,,documented,machine lineage; external source review may remain
nodes.csv:C08:province,nodes.csv,C08,province,Zhejiang,text,identifier,NODE_S1,T_STRUCTURAL_ID,,,documented,machine lineage; external source review may remain
nodes.csv:M09:province,nodes.csv,M09,province,Jiangsu,text,identifier,NODE_S1,T_STRUCTURAL_ID,,,documented,machine lineage; external source review may remain
nodes.csv:M10:province,nodes.csv,M10,province,Jiangsu,text,identifier,NODE_S1,T_STRUCTURAL_ID,,,documented,machine lineage; external source review may remain
nodes.csv:M11:province,nodes.csv,M11,province,Jiangsu,text,identifier,NODE_S1,T_STRUCTURAL_ID,,,documented,machine lineage; external source review may remain
nodes.csv:M12:province,nodes.csv,M12,province,Zhejiang,text,identifier,NODE_S1,T_STRUCTURAL_ID,,,documented,machine lineage; external source review may remain
nodes.csv:M13:province,nodes.csv,M13,province,Zhejiang,text,identifier,NODE_S1,T_STRUCTURAL_ID,,,documented,machine lineage; external source review may remain
nodes.csv:M14:province,nodes.csv,M14,province,Anhui,text,identifier,NODE_S1,T_STRUCTURAL_ID,,,documented,machine lineage; external source review may remain
nodes.csv:M15:province,nodes.csv,M15,province,Zhejiang,text,identifier,NODE_S1,T_STRUCTURAL_ID,,,documented,machine lineage; external source review may remain
nodes.csv:S1:latitude,nodes.csv,S1,latitude,31.6707,degree,derived,NODE_S1,T_STRUCTURAL_ID,,,documented,machine lineage; external source review may remain
nodes.csv:C01:latitude,nodes.csv,C01,latitude,31.2304,degree,derived,NODE_S1,T_STRUCTURAL_ID,,,documented,machine lineage; external source review may remain
nodes.csv:C02:latitude,nodes.csv,C02,latitude,32.0603,degree,derived,NODE_S1,T_STRUCTURAL_ID,,,documented,machine lineage; external source review may remain
nodes.csv:C03:latitude,nodes.csv,C03,latitude,31.2989,degree,derived,NODE_S1,T_STRUCTURAL_ID,,,documented,machine lineage; external source review may remain
nodes.csv:C04:latitude,nodes.csv,C04,latitude,31.4912,degree,derived,NODE_S1,T_STRUCTURAL_ID,,,documented,machine lineage; external source review may remain
nodes.csv:C05:latitude,nodes.csv,C05,latitude,30.2741,degree,derived,NODE_S1,T_STRUCTURAL_ID,,,documented,machine lineage; external source review may remain
nodes.csv:C06:latitude,nodes.csv,C06,latitude,29.8683,degree,derived,NODE_S1,T_STRUCTURAL_ID,,,documented,machine lineage; external source review may remain
nodes.csv:C07:latitude,nodes.csv,C07,latitude,31.8206,degree,derived,NODE_S1,T_STRUCTURAL_ID,,,documented,machine lineage; external source review may remain
nodes.csv:C08:latitude,nodes.csv,C08,latitude,30.7461,degree,derived,NODE_S1,T_STRUCTURAL_ID,,,documented,machine lineage; external source review may remain
nodes.csv:M09:latitude,nodes.csv,M09,latitude,31.8112,degree,derived,NODE_S1,T_STRUCTURAL_ID,,,documented,machine lineage; external source review may remain
nodes.csv:M10:latitude,nodes.csv,M10,latitude,31.9802,degree,derived,NODE_S1,T_STRUCTURAL_ID,,,documented,machine lineage; external source review may remain
nodes.csv:M11:latitude,nodes.csv,M11,latitude,32.4555,degree,derived,NODE_S1,T_STRUCTURAL_ID,,,documented,machine lineage; external source review may remain
nodes.csv:M12:latitude,nodes.csv,M12,latitude,30.0303,degree,derived,NODE_S1,T_STRUCTURAL_ID,,,documented,machine lineage; external source review may remain
nodes.csv:M13:latitude,nodes.csv,M13,latitude,30.8943,degree,derived,NODE_S1,T_STRUCTURAL_ID,,,documented,machine lineage; external source review may remain
nodes.csv:M14:latitude,nodes.csv,M14,latitude,31.3263,degree,derived,NODE_S1,T_STRUCTURAL_ID,,,documented,machine lineage; external source review may remain
nodes.csv:M15:latitude,nodes.csv,M15,latitude,29.0792,degree,derived,NODE_S1,T_STRUCTURAL_ID,,,documented,machine lineage; external source review may remain
nodes.csv:S1:longitude,nodes.csv,S1,longitude,118.5061,degree,derived,NODE_S1,T_STRUCTURAL_ID,,,documented,machine lineage; external source review may remain
nodes.csv:C01:longitude,nodes.csv,C01,longitude,121.4737,degree,derived,NODE_S1,T_STRUCTURAL_ID,,,documented,machine lineage; external source review may remain
nodes.csv:C02:longitude,nodes.csv,C02,longitude,118.7969,degree,derived,NODE_S1,T_STRUCTURAL_ID,,,documented,machine lineage; external source review may remain
nodes.csv:C03:longitude,nodes.csv,C03,longitude,120.5853,degree,derived,NODE_S1,T_STRUCTURAL_ID,,,documented,machine lineage; external source review may remain
nodes.csv:C04:longitude,nodes.csv,C04,longitude,120.3119,degree,derived,NODE_S1,T_STRUCTURAL_ID,,,documented,machine lineage; external source review may remain
nodes.csv:C05:longitude,nodes.csv,C05,longitude,120.1551,degree,derived,NODE_S1,T_STRUCTURAL_ID,,,documented,machine lineage; external source review may remain
nodes.csv:C06:longitude,nodes.csv,C06,longitude,121.544,degree,derived,NODE_S1,T_STRUCTURAL_ID,,,documented,machine lineage; external source review may remain
nodes.csv:C07:longitude,nodes.csv,C07,longitude,117.2272,degree,derived,NODE_S1,T_STRUCTURAL_ID,,,documented,machine lineage; external source review may remain
nodes.csv:C08:longitude,nodes.csv,C08,longitude,120.7555,degree,derived,NODE_S1,T_STRUCTURAL_ID,,,documented,machine lineage; external source review may remain
nodes.csv:M09:longitude,nodes.csv,M09,longitude,119.9741,degree,derived,NODE_S1,T_STRUCTURAL_ID,,,documented,machine lineage; external source review may remain
nodes.csv:M10:longitude,nodes.csv,M10,longitude,120.8943,degree,derived,NODE_S1,T_STRUCTURAL_ID,,,documented,machine lineage; external source review may remain
nodes.csv:M11:longitude,nodes.csv,M11,longitude,119.9255,degree,derived,NODE_S1,T_STRUCTURAL_ID,,,documented,machine lineage; external source review may remain
nodes.csv:M12:longitude,nodes.csv,M12,longitude,120.5821,degree,derived,NODE_S1,T_STRUCTURAL_ID,,,documented,machine lineage; external source review may remain
nodes.csv:M13:longitude,nodes.csv,M13,longitude,120.0868,degree,derived,NODE_S1,T_STRUCTURAL_ID,,,documented,machine lineage; external source review may remain
nodes.csv:M14:longitude,nodes.csv,M14,longitude,118.3765,degree,derived,NODE_S1,T_STRUCTURAL_ID,,,documented,machine lineage; external source review may remain
nodes.csv:M15:longitude,nodes.csv,M15,longitude,119.6474,degree,derived,NODE_S1,T_STRUCTURAL_ID,,,documented,machine lineage; external source review may remain
nodes.csv:S1:supplier_flag,nodes.csv,S1,supplier_flag,1,flag,derived,NODE_S1,T_STRUCTURAL_ID,,,documented,machine lineage; external source review may remain
nodes.csv:C01:supplier_flag,nodes.csv,C01,supplier_flag,0,flag,derived,NODE_S1,T_STRUCTURAL_ID,,,documented,machine lineage; external source review may remain
nodes.csv:C02:supplier_flag,nodes.csv,C02,supplier_flag,0,flag,derived,NODE_S1,T_STRUCTURAL_ID,,,documented,machine lineage; external source review may remain
nodes.csv:C03:supplier_flag,nodes.csv,C03,supplier_flag,0,flag,derived,NODE_S1,T_STRUCTURAL_ID,,,documented,machine lineage; external source review may remain
nodes.csv:C04:supplier_flag,nodes.csv,C04,supplier_flag,0,flag,derived,NODE_S1,T_STRUCTURAL_ID,,,documented,machine lineage; external source review may remain
nodes.csv:C05:supplier_flag,nodes.csv,C05,supplier_flag,0,flag,derived,NODE_S1,T_STRUCTURAL_ID,,,documented,machine lineage; external source review may remain
nodes.csv:C06:supplier_flag,nodes.csv,C06,supplier_flag,0,flag,derived,NODE_S1,T_STRUCTURAL_ID,,,documented,machine lineage; external source review may remain
nodes.csv:C07:supplier_flag,nodes.csv,C07,supplier_flag,0,flag,derived,NODE_S1,T_STRUCTURAL_ID,,,documented,machine lineage; external source review may remain
nodes.csv:C08:supplier_flag,nodes.csv,C08,supplier_flag,0,flag,derived,NODE_S1,T_STRUCTURAL_ID,,,documented,machine lineage; external source review may remain
nodes.csv:M09:supplier_flag,nodes.csv,M09,supplier_flag,0,flag,derived,NODE_S1,T_STRUCTURAL_ID,,,documented,machine lineage; external source review may remain
nodes.csv:M10:supplier_flag,nodes.csv,M10,supplier_flag,0,flag,derived,NODE_S1,T_STRUCTURAL_ID,,,documented,machine lineage; external source review may remain
nodes.csv:M11:supplier_flag,nodes.csv,M11,supplier_flag,0,flag,derived,NODE_S1,T_STRUCTURAL_ID,,,documented,machine lineage; external source review may remain
nodes.csv:M12:supplier_flag,nodes.csv,M12,supplier_flag,0,flag,derived,NODE_S1,T_STRUCTURAL_ID,,,documented,machine lineage; external source review may remain
nodes.csv:M13:supplier_flag,nodes.csv,M13,supplier_flag,0,flag,derived,NODE_S1,T_STRUCTURAL_ID,,,documented,machine lineage; external source review may remain
nodes.csv:M14:supplier_flag,nodes.csv,M14,supplier_flag,0,flag,derived,NODE_S1,T_STRUCTURAL_ID,,,documented,machine lineage; external source review may remain
nodes.csv:M15:supplier_flag,nodes.csv,M15,supplier_flag,0,flag,derived,NODE_S1,T_STRUCTURAL_ID,,,documented,machine lineage; external source review may remain
nodes.csv:S1:candidate_dc_flag,nodes.csv,S1,candidate_dc_flag,0,flag,derived,NODE_S1,T_STRUCTURAL_ID,,,documented,machine lineage; external source review may remain
nodes.csv:C01:candidate_dc_flag,nodes.csv,C01,candidate_dc_flag,1,flag,derived,NODE_S1,T_STRUCTURAL_ID,,,documented,machine lineage; external source review may remain
nodes.csv:C02:candidate_dc_flag,nodes.csv,C02,candidate_dc_flag,1,flag,derived,NODE_S1,T_STRUCTURAL_ID,,,documented,machine lineage; external source review may remain
nodes.csv:C03:candidate_dc_flag,nodes.csv,C03,candidate_dc_flag,1,flag,derived,NODE_S1,T_STRUCTURAL_ID,,,documented,machine lineage; external source review may remain
nodes.csv:C04:candidate_dc_flag,nodes.csv,C04,candidate_dc_flag,1,flag,derived,NODE_S1,T_STRUCTURAL_ID,,,documented,machine lineage; external source review may remain
nodes.csv:C05:candidate_dc_flag,nodes.csv,C05,candidate_dc_flag,1,flag,derived,NODE_S1,T_STRUCTURAL_ID,,,documented,machine lineage; external source review may remain
nodes.csv:C06:candidate_dc_flag,nodes.csv,C06,candidate_dc_flag,1,flag,derived,NODE_S1,T_STRUCTURAL_ID,,,documented,machine lineage; external source review may remain
nodes.csv:C07:candidate_dc_flag,nodes.csv,C07,candidate_dc_flag,1,flag,derived,NODE_S1,T_STRUCTURAL_ID,,,documented,machine lineage; external source review may remain
nodes.csv:C08:candidate_dc_flag,nodes.csv,C08,candidate_dc_flag,1,flag,derived,NODE_S1,T_STRUCTURAL_ID,,,documented,machine lineage; external source review may remain
nodes.csv:M09:candidate_dc_flag,nodes.csv,M09,candidate_dc_flag,0,flag,derived,NODE_S1,T_STRUCTURAL_ID,,,documented,machine lineage; external source review may remain
nodes.csv:M10:candidate_dc_flag,nodes.csv,M10,candidate_dc_flag,0,flag,derived,NODE_S1,T_STRUCTURAL_ID,,,documented,machine lineage; external source review may remain
nodes.csv:M11:candidate_dc_flag,nodes.csv,M11,candidate_dc_flag,0,flag,derived,NODE_S1,T_STRUCTURAL_ID,,,documented,machine lineage; external source review may remain
nodes.csv:M12:candidate_dc_flag,nodes.csv,M12,candidate_dc_flag,0,flag,derived,NODE_S1,T_STRUCTURAL_ID,,,documented,machine lineage; external source review may remain
nodes.csv:M13:candidate_dc_flag,nodes.csv,M13,candidate_dc_flag,0,flag,derived,NODE_S1,T_STRUCTURAL_ID,,,documented,machine lineage; external source review may remain
nodes.csv:M14:candidate_dc_flag,nodes.csv,M14,candidate_dc_flag,0,flag,derived,NODE_S1,T_STRUCTURAL_ID,,,documented,machine lineage; external source review may remain
nodes.csv:M15:candidate_dc_flag,nodes.csv,M15,candidate_dc_flag,0,flag,derived,NODE_S1,T_STRUCTURAL_ID,,,documented,machine lineage; external source review may remain
nodes.csv:S1:market_flag,nodes.csv,S1,market_flag,0,flag,derived,NODE_S1,T_STRUCTURAL_ID,,,documented,machine lineage; external source review may remain
nodes.csv:C01:market_flag,nodes.csv,C01,market_flag,1,flag,derived,NODE_S1,T_STRUCTURAL_ID,,,documented,machine lineage; external source review may remain
nodes.csv:C02:market_flag,nodes.csv,C02,market_flag,1,flag,derived,NODE_S1,T_STRUCTURAL_ID,,,documented,machine lineage; external source review may remain
nodes.csv:C03:market_flag,nodes.csv,C03,market_flag,1,flag,derived,NODE_S1,T_STRUCTURAL_ID,,,documented,machine lineage; external source review may remain
nodes.csv:C04:market_flag,nodes.csv,C04,market_flag,1,flag,derived,NODE_S1,T_STRUCTURAL_ID,,,documented,machine lineage; external source review may remain
nodes.csv:C05:market_flag,nodes.csv,C05,market_flag,1,flag,derived,NODE_S1,T_STRUCTURAL_ID,,,documented,machine lineage; external source review may remain
nodes.csv:C06:market_flag,nodes.csv,C06,market_flag,1,flag,derived,NODE_S1,T_STRUCTURAL_ID,,,documented,machine lineage; external source review may remain
nodes.csv:C07:market_flag,nodes.csv,C07,market_flag,1,flag,derived,NODE_S1,T_STRUCTURAL_ID,,,documented,machine lineage; external source review may remain
nodes.csv:C08:market_flag,nodes.csv,C08,market_flag,1,flag,derived,NODE_S1,T_STRUCTURAL_ID,,,documented,machine lineage; external source review may remain
nodes.csv:M09:market_flag,nodes.csv,M09,market_flag,1,flag,derived,NODE_S1,T_STRUCTURAL_ID,,,documented,machine lineage; external source review may remain
nodes.csv:M10:market_flag,nodes.csv,M10,market_flag,1,flag,derived,NODE_S1,T_STRUCTURAL_ID,,,documented,machine lineage; external source review may remain
nodes.csv:M11:market_flag,nodes.csv,M11,market_flag,1,flag,derived,NODE_S1,T_STRUCTURAL_ID,,,documented,machine lineage; external source review may remain
nodes.csv:M12:market_flag,nodes.csv,M12,market_flag,1,flag,derived,NODE_S1,T_STRUCTURAL_ID,,,documented,machine lineage; external source review may remain
nodes.csv:M13:market_flag,nodes.csv,M13,market_flag,1,flag,derived,NODE_S1,T_STRUCTURAL_ID,,,documented,machine lineage; external source review may remain
nodes.csv:M14:market_flag,nodes.csv,M14,market_flag,1,flag,derived,NODE_S1,T_STRUCTURAL_ID,,,documented,machine lineage; external source review may remain
nodes.csv:M15:market_flag,nodes.csv,M15,market_flag,1,flag,derived,NODE_S1,T_STRUCTURAL_ID,,,documented,machine lineage; external source review may remain
market_params.csv:C01:market_id,market_params.csv,C01,market_id,C01,identifier,identifier,NODE_S1,T_STRUCTURAL_ID,,,documented,machine lineage; external source review may remain
market_params.csv:C02:market_id,market_params.csv,C02,market_id,C02,identifier,identifier,NODE_S1,T_STRUCTURAL_ID,,,documented,machine lineage; external source review may remain
market_params.csv:C03:market_id,market_params.csv,C03,market_id,C03,identifier,identifier,NODE_S1,T_STRUCTURAL_ID,,,documented,machine lineage; external source review may remain
market_params.csv:C04:market_id,market_params.csv,C04,market_id,C04,identifier,identifier,NODE_S1,T_STRUCTURAL_ID,,,documented,machine lineage; external source review may remain
market_params.csv:C05:market_id,market_params.csv,C05,market_id,C05,identifier,identifier,NODE_S1,T_STRUCTURAL_ID,,,documented,machine lineage; external source review may remain
market_params.csv:C06:market_id,market_params.csv,C06,market_id,C06,identifier,identifier,NODE_S1,T_STRUCTURAL_ID,,,documented,machine lineage; external source review may remain
market_params.csv:C07:market_id,market_params.csv,C07,market_id,C07,identifier,identifier,NODE_S1,T_STRUCTURAL_ID,,,documented,machine lineage; external source review may remain
market_params.csv:C08:market_id,market_params.csv,C08,market_id,C08,identifier,identifier,NODE_S1,T_STRUCTURAL_ID,,,documented,machine lineage; external source review may remain
market_params.csv:M09:market_id,market_params.csv,M09,market_id,M09,identifier,identifier,NODE_S1,T_STRUCTURAL_ID,,,documented,machine lineage; external source review may remain
market_params.csv:M10:market_id,market_params.csv,M10,market_id,M10,identifier,identifier,NODE_S1,T_STRUCTURAL_ID,,,documented,machine lineage; external source review may remain
market_params.csv:M11:market_id,market_params.csv,M11,market_id,M11,identifier,identifier,NODE_S1,T_STRUCTURAL_ID,,,documented,machine lineage; external source review may remain
market_params.csv:M12:market_id,market_params.csv,M12,market_id,M12,identifier,identifier,NODE_S1,T_STRUCTURAL_ID,,,documented,machine lineage; external source review may remain
market_params.csv:M13:market_id,market_params.csv,M13,market_id,M13,identifier,identifier,NODE_S1,T_STRUCTURAL_ID,,,documented,machine lineage; external source review may remain
market_params.csv:M14:market_id,market_params.csv,M14,market_id,M14,identifier,identifier,NODE_S1,T_STRUCTURAL_ID,,,documented,machine lineage; external source review may remain
market_params.csv:M15:market_id,market_params.csv,M15,market_id,M15,identifier,identifier,NODE_S1,T_STRUCTURAL_ID,,,documented,machine lineage; external source review may remain
market_params.csv:C01:city,market_params.csv,C01,city,Shanghai,text,identifier,NODE_S1,T_STRUCTURAL_ID,,,documented,machine lineage; external source review may remain
market_params.csv:C02:city,market_params.csv,C02,city,Nanjing,text,identifier,NODE_S1,T_STRUCTURAL_ID,,,documented,machine lineage; external source review may remain
market_params.csv:C03:city,market_params.csv,C03,city,Suzhou,text,identifier,NODE_S1,T_STRUCTURAL_ID,,,documented,machine lineage; external source review may remain
market_params.csv:C04:city,market_params.csv,C04,city,Wuxi,text,identifier,NODE_S1,T_STRUCTURAL_ID,,,documented,machine lineage; external source review may remain
market_params.csv:C05:city,market_params.csv,C05,city,Hangzhou,text,identifier,NODE_S1,T_STRUCTURAL_ID,,,documented,machine lineage; external source review may remain
market_params.csv:C06:city,market_params.csv,C06,city,Ningbo,text,identifier,NODE_S1,T_STRUCTURAL_ID,,,documented,machine lineage; external source review may remain
market_params.csv:C07:city,market_params.csv,C07,city,Hefei,text,identifier,NODE_S1,T_STRUCTURAL_ID,,,documented,machine lineage; external source review may remain
market_params.csv:C08:city,market_params.csv,C08,city,Jiaxing,text,identifier,NODE_S1,T_STRUCTURAL_ID,,,documented,machine lineage; external source review may remain
market_params.csv:M09:city,market_params.csv,M09,city,Changzhou,text,identifier,NODE_S1,T_STRUCTURAL_ID,,,documented,machine lineage; external source review may remain
market_params.csv:M10:city,market_params.csv,M10,city,Nantong,text,identifier,NODE_S1,T_STRUCTURAL_ID,,,documented,machine lineage; external source review may remain
market_params.csv:M11:city,market_params.csv,M11,city,Taizhou (Jiangsu),text,identifier,NODE_S1,T_STRUCTURAL_ID,,,documented,machine lineage; external source review may remain
market_params.csv:M12:city,market_params.csv,M12,city,Shaoxing,text,identifier,NODE_S1,T_STRUCTURAL_ID,,,documented,machine lineage; external source review may remain
market_params.csv:M13:city,market_params.csv,M13,city,Huzhou,text,identifier,NODE_S1,T_STRUCTURAL_ID,,,documented,machine lineage; external source review may remain
market_params.csv:M14:city,market_params.csv,M14,city,Wuhu,text,identifier,NODE_S1,T_STRUCTURAL_ID,,,documented,machine lineage; external source review may remain
market_params.csv:M15:city,market_params.csv,M15,city,Jinhua,text,identifier,NODE_S1,T_STRUCTURAL_ID,,,documented,machine lineage; external source review may remain
market_params.csv:C01:demand_weight,market_params.csv,C01,demand_weight,0.13683557,ratio,derived,NODE_S1,T_STRUCTURAL_ID,,,documented,machine lineage; external source review may remain
market_params.csv:C02:demand_weight,market_params.csv,C02,demand_weight,0.06856212,ratio,derived,NODE_S1,T_STRUCTURAL_ID,,,documented,machine lineage; external source review may remain
market_params.csv:C03:demand_weight,market_params.csv,C03,demand_weight,0.14717246,ratio,derived,NODE_S1,T_STRUCTURAL_ID,,,documented,machine lineage; external source review may remain
market_params.csv:C04:demand_weight,market_params.csv,C04,demand_weight,0.09072564,ratio,derived,NODE_S1,T_STRUCTURAL_ID,,,documented,machine lineage; external source review may remain
market_params.csv:C05:demand_weight,market_params.csv,C05,demand_weight,0.06501047,ratio,derived,NODE_S1,T_STRUCTURAL_ID,,,documented,machine lineage; external source review may remain
market_params.csv:C06:demand_weight,market_params.csv,C06,demand_weight,0.09268548,ratio,derived,NODE_S1,T_STRUCTURAL_ID,,,documented,machine lineage; external source review may remain
market_params.csv:C07:demand_weight,market_params.csv,C07,demand_weight,0.05833481,ratio,derived,NODE_S1,T_STRUCTURAL_ID,,,documented,machine lineage; external source review may remain
market_params.csv:C08:demand_weight,market_params.csv,C08,demand_weight,0.04411411,ratio,derived,NODE_S1,T_STRUCTURAL_ID,,,documented,machine lineage; external source review may remain
market_params.csv:M09:demand_weight,market_params.csv,M09,demand_weight,0.06042952,ratio,derived,NODE_S1,T_STRUCTURAL_ID,,,documented,machine lineage; external source review may remain
market_params.csv:M10:demand_weight,market_params.csv,M10,demand_weight,0.06945268,ratio,derived,NODE_S1,T_STRUCTURAL_ID,,,documented,machine lineage; external source review may remain
market_params.csv:M11:demand_weight,market_params.csv,M11,demand_weight,0.03906201,ratio,derived,NODE_S1,T_STRUCTURAL_ID,,,documented,machine lineage; external source review may remain
market_params.csv:M12:demand_weight,market_params.csv,M12,demand_weight,0.04695005,ratio,derived,NODE_S1,T_STRUCTURAL_ID,,,documented,machine lineage; external source review may remain
market_params.csv:M13:demand_weight,market_params.csv,M13,demand_weight,0.02325397,ratio,derived,NODE_S1,T_STRUCTURAL_ID,,,documented,machine lineage; external source review may remain
market_params.csv:M14:demand_weight,market_params.csv,M14,demand_weight,0.02699422,ratio,derived,NODE_S1,T_STRUCTURAL_ID,,,documented,machine lineage; external source review may remain
market_params.csv:M15:demand_weight,market_params.csv,M15,demand_weight,0.03041688,ratio,derived,NODE_S1,T_STRUCTURAL_ID,,,documented,machine lineage; external source review may remain
market_params.csv:C01:mu_annual_tonnes,market_params.csv,C01,mu_annual_tonnes,136835.573955,tonnes/year,derived,NODE_S1,T_STRUCTURAL_ID,,,documented,machine lineage; external source review may remain
market_params.csv:C02:mu_annual_tonnes,market_params.csv,C02,mu_annual_tonnes,68562.117509,tonnes/year,derived,NODE_S1,T_STRUCTURAL_ID,,,documented,machine lineage; external source review may remain
market_params.csv:C03:mu_annual_tonnes,market_params.csv,C03,mu_annual_tonnes,147172.461993,tonnes/year,derived,NODE_S1,T_STRUCTURAL_ID,,,documented,machine lineage; external source review may remain
market_params.csv:C04:mu_annual_tonnes,market_params.csv,C04,mu_annual_tonnes,90725.643356,tonnes/year,derived,NODE_S1,T_STRUCTURAL_ID,,,documented,machine lineage; external source review may remain
market_params.csv:C05:mu_annual_tonnes,market_params.csv,C05,mu_annual_tonnes,65010.469402,tonnes/year,derived,NODE_S1,T_STRUCTURAL_ID,,,documented,machine lineage; external source review may remain
market_params.csv:C06:mu_annual_tonnes,market_params.csv,C06,mu_annual_tonnes,92685.481489,tonnes/year,derived,NODE_S1,T_STRUCTURAL_ID,,,documented,machine lineage; external source review may remain
market_params.csv:C07:mu_annual_tonnes,market_params.csv,C07,mu_annual_tonnes,58334.814852,tonnes/year,derived,NODE_S1,T_STRUCTURAL_ID,,,documented,machine lineage; external source review may remain
market_params.csv:C08:mu_annual_tonnes,market_params.csv,C08,mu_annual_tonnes,44114.112716,tonnes/year,derived,NODE_S1,T_STRUCTURAL_ID,,,documented,machine lineage; external source review may remain
market_params.csv:M09:mu_annual_tonnes,market_params.csv,M09,mu_annual_tonnes,60429.518257,tonnes/year,derived,NODE_S1,T_STRUCTURAL_ID,,,documented,machine lineage; external source review may remain
market_params.csv:M10:mu_annual_tonnes,market_params.csv,M10,mu_annual_tonnes,69452.675106,tonnes/year,derived,NODE_S1,T_STRUCTURAL_ID,,,documented,machine lineage; external source review may remain
market_params.csv:M11:mu_annual_tonnes,market_params.csv,M11,mu_annual_tonnes,39062.014979,tonnes/year,derived,NODE_S1,T_STRUCTURAL_ID,,,documented,machine lineage; external source review may remain
market_params.csv:M12:mu_annual_tonnes,market_params.csv,M12,mu_annual_tonnes,46950.045998,tonnes/year,derived,NODE_S1,T_STRUCTURAL_ID,,,documented,machine lineage; external source review may remain
market_params.csv:M13:mu_annual_tonnes,market_params.csv,M13,mu_annual_tonnes,23253.970942,tonnes/year,derived,NODE_S1,T_STRUCTURAL_ID,,,documented,machine lineage; external source review may remain
market_params.csv:M14:mu_annual_tonnes,market_params.csv,M14,mu_annual_tonnes,26994.218783,tonnes/year,derived,NODE_S1,T_STRUCTURAL_ID,,,documented,machine lineage; external source review may remain
market_params.csv:M15:mu_annual_tonnes,market_params.csv,M15,mu_annual_tonnes,30416.880664,tonnes/year,derived,NODE_S1,T_STRUCTURAL_ID,,,documented,machine lineage; external source review may remain
market_params.csv:C01:mu_daily_tonnes,market_params.csv,C01,mu_daily_tonnes,374.891983,tonnes/day,derived,NODE_S1,T_STRUCTURAL_ID,,,documented,machine lineage; external source review may remain
market_params.csv:C02:mu_daily_tonnes,market_params.csv,C02,mu_daily_tonnes,187.841418,tonnes/day,derived,NODE_S1,T_STRUCTURAL_ID,,,documented,machine lineage; external source review may remain
market_params.csv:C03:mu_daily_tonnes,market_params.csv,C03,mu_daily_tonnes,403.212225,tonnes/day,derived,NODE_S1,T_STRUCTURAL_ID,,,documented,machine lineage; external source review may remain
market_params.csv:C04:mu_daily_tonnes,market_params.csv,C04,mu_daily_tonnes,248.563406,tonnes/day,derived,NODE_S1,T_STRUCTURAL_ID,,,documented,machine lineage; external source review may remain
market_params.csv:C05:mu_daily_tonnes,market_params.csv,C05,mu_daily_tonnes,178.110875,tonnes/day,derived,NODE_S1,T_STRUCTURAL_ID,,,documented,machine lineage; external source review may remain
market_params.csv:C06:mu_daily_tonnes,market_params.csv,C06,mu_daily_tonnes,253.932826,tonnes/day,derived,NODE_S1,T_STRUCTURAL_ID,,,documented,machine lineage; external source review may remain
market_params.csv:C07:mu_daily_tonnes,market_params.csv,C07,mu_daily_tonnes,159.821411,tonnes/day,derived,NODE_S1,T_STRUCTURAL_ID,,,documented,machine lineage; external source review may remain
market_params.csv:C08:mu_daily_tonnes,market_params.csv,C08,mu_daily_tonnes,120.860583,tonnes/day,derived,NODE_S1,T_STRUCTURAL_ID,,,documented,machine lineage; external source review may remain
market_params.csv:M09:mu_daily_tonnes,market_params.csv,M09,mu_daily_tonnes,165.560324,tonnes/day,derived,NODE_S1,T_STRUCTURAL_ID,,,documented,machine lineage; external source review may remain
market_params.csv:M10:mu_daily_tonnes,market_params.csv,M10,mu_daily_tonnes,190.281302,tonnes/day,derived,NODE_S1,T_STRUCTURAL_ID,,,documented,machine lineage; external source review may remain
market_params.csv:M11:mu_daily_tonnes,market_params.csv,M11,mu_daily_tonnes,107.019219,tonnes/day,derived,NODE_S1,T_STRUCTURAL_ID,,,documented,machine lineage; external source review may remain
market_params.csv:M12:mu_daily_tonnes,market_params.csv,M12,mu_daily_tonnes,128.630263,tonnes/day,derived,NODE_S1,T_STRUCTURAL_ID,,,documented,machine lineage; external source review may remain
market_params.csv:M13:mu_daily_tonnes,market_params.csv,M13,mu_daily_tonnes,63.709509,tonnes/day,derived,NODE_S1,T_STRUCTURAL_ID,,,documented,machine lineage; external source review may remain
market_params.csv:M14:mu_daily_tonnes,market_params.csv,M14,mu_daily_tonnes,73.956764,tonnes/day,derived,NODE_S1,T_STRUCTURAL_ID,,,documented,machine lineage; external source review may remain
market_params.csv:M15:mu_daily_tonnes,market_params.csv,M15,mu_daily_tonnes,83.33392,tonnes/day,derived,NODE_S1,T_STRUCTURAL_ID,,,documented,machine lineage; external source review may remain
market_params.csv:C01:sigma2_daily,market_params.csv,C01,sigma2_daily,5621.75997,(tonnes/day)^2,derived,NODE_S1,T_STRUCTURAL_ID,,,documented,machine lineage; external source review may remain
market_params.csv:C02:sigma2_daily,market_params.csv,C02,sigma2_daily,1411.37593,(tonnes/day)^2,derived,NODE_S1,T_STRUCTURAL_ID,,,documented,machine lineage; external source review may remain
market_params.csv:C03:sigma2_daily,market_params.csv,C03,sigma2_daily,6503.203924,(tonnes/day)^2,derived,NODE_S1,T_STRUCTURAL_ID,,,documented,machine lineage; external source review may remain
market_params.csv:C04:sigma2_daily,market_params.csv,C04,sigma2_daily,2471.350681,(tonnes/day)^2,derived,NODE_S1,T_STRUCTURAL_ID,,,documented,machine lineage; external source review may remain
market_params.csv:C05:sigma2_daily,market_params.csv,C05,sigma2_daily,1268.939353,(tonnes/day)^2,derived,NODE_S1,T_STRUCTURAL_ID,,,documented,machine lineage; external source review may remain
market_params.csv:C06:sigma2_daily,market_params.csv,C06,sigma2_daily,2579.275205,(tonnes/day)^2,derived,NODE_S1,T_STRUCTURAL_ID,,,documented,machine lineage; external source review may remain
market_params.csv:C07:sigma2_daily,market_params.csv,C07,sigma2_daily,1021.715331,(tonnes/day)^2,derived,NODE_S1,T_STRUCTURAL_ID,,,documented,machine lineage; external source review may remain
market_params.csv:C08:sigma2_daily,market_params.csv,C08,sigma2_daily,584.291219,(tonnes/day)^2,derived,NODE_S1,T_STRUCTURAL_ID,,,documented,machine lineage; external source review may remain
market_params.csv:M09:sigma2_daily,market_params.csv,M09,sigma2_daily,1096.408835,(tonnes/day)^2,derived,NODE_S1,T_STRUCTURAL_ID,,,documented,machine lineage; external source review may remain
market_params.csv:M10:sigma2_daily,market_params.csv,M10,sigma2_daily,1448.27895,(tonnes/day)^2,derived,NODE_S1,T_STRUCTURAL_ID,,,documented,machine lineage; external source review may remain
market_params.csv:M11:sigma2_daily,market_params.csv,M11,sigma2_daily,458.12453,(tonnes/day)^2,derived,NODE_S1,T_STRUCTURAL_ID,,,documented,machine lineage; external source review may remain
market_params.csv:M12:sigma2_daily,market_params.csv,M12,sigma2_daily,661.829782,(tonnes/day)^2,derived,NODE_S1,T_STRUCTURAL_ID,,,documented,machine lineage; external source review may remain
market_params.csv:M13:sigma2_daily,market_params.csv,M13,sigma2_daily,162.356064,(tonnes/day)^2,derived,NODE_S1,T_STRUCTURAL_ID,,,documented,machine lineage; external source review may remain
market_params.csv:M14:sigma2_daily,market_params.csv,M14,sigma2_daily,218.784116,(tonnes/day)^2,derived,NODE_S1,T_STRUCTURAL_ID,,,documented,machine lineage; external source review may remain
market_params.csv:M15:sigma2_daily,market_params.csv,M15,sigma2_daily,277.781686,(tonnes/day)^2,derived,NODE_S1,T_STRUCTURAL_ID,,,documented,machine lineage; external source review may remain
market_params.csv:C01:observed_price_cny_per_tonne,market_params.csv,C01,observed_price_cny_per_tonne,3150.0,CNY/tonne,proxy,PRICE_C01,,,,documented,machine lineage; external source review may remain
market_params.csv:C02:observed_price_cny_per_tonne,market_params.csv,C02,observed_price_cny_per_tonne,3350.0,CNY/tonne,proxy,PRICE_C01,,,,documented,machine lineage; external source review may remain
market_params.csv:C03:observed_price_cny_per_tonne,market_params.csv,C03,observed_price_cny_per_tonne,3470.0,CNY/tonne,proxy,PRICE_C01,,,,documented,machine lineage; external source review may remain
market_params.csv:C04:observed_price_cny_per_tonne,market_params.csv,C04,observed_price_cny_per_tonne,3340.0,CNY/tonne,proxy,PRICE_C01,,,,documented,machine lineage; external source review may remain
market_params.csv:C05:observed_price_cny_per_tonne,market_params.csv,C05,observed_price_cny_per_tonne,3310.0,CNY/tonne,proxy,PRICE_C01,,,,documented,machine lineage; external source review may remain
market_params.csv:C06:observed_price_cny_per_tonne,market_params.csv,C06,observed_price_cny_per_tonne,3140.0,CNY/tonne,proxy,PRICE_C01,,,,documented,machine lineage; external source review may remain
market_params.csv:C07:observed_price_cny_per_tonne,market_params.csv,C07,observed_price_cny_per_tonne,3360.0,CNY/tonne,proxy,PRICE_C01,,,,documented,machine lineage; external source review may remain
market_params.csv:C08:observed_price_cny_per_tonne,market_params.csv,C08,observed_price_cny_per_tonne,3440.0,CNY/tonne,proxy,PRICE_C01,,,,documented,machine lineage; external source review may remain
market_params.csv:M09:observed_price_cny_per_tonne,market_params.csv,M09,observed_price_cny_per_tonne,3265.0,CNY/tonne,proxy,PRICE_C01,,,,documented,machine lineage; external source review may remain
market_params.csv:M10:observed_price_cny_per_tonne,market_params.csv,M10,observed_price_cny_per_tonne,3320.0,CNY/tonne,proxy,PRICE_C01,,,,documented,machine lineage; external source review may remain
market_params.csv:M11:observed_price_cny_per_tonne,market_params.csv,M11,observed_price_cny_per_tonne,3240.0,CNY/tonne,proxy,PRICE_C01,,,,documented,machine lineage; external source review may remain
market_params.csv:M12:observed_price_cny_per_tonne,market_params.csv,M12,observed_price_cny_per_tonne,3610.0,CNY/tonne,proxy,PRICE_C01,,,,documented,machine lineage; external source review may remain
market_params.csv:M13:observed_price_cny_per_tonne,market_params.csv,M13,observed_price_cny_per_tonne,3260.0,CNY/tonne,proxy,PRICE_C01,,,,documented,machine lineage; external source review may remain
market_params.csv:M14:observed_price_cny_per_tonne,market_params.csv,M14,observed_price_cny_per_tonne,3220.0,CNY/tonne,proxy,PRICE_C01,,,,documented,machine lineage; external source review may remain
market_params.csv:M15:observed_price_cny_per_tonne,market_params.csv,M15,observed_price_cny_per_tonne,3453.33,CNY/tonne,proxy,PRICE_C01,,,,documented,machine lineage; external source review may remain
market_params.csv:C01:v_i_baseline,market_params.csv,C01,v_i_baseline,150.0,CNY/tonne,derived,SCEN_TOTAL_DEMAND,,,,documented,machine lineage; external source review may remain
market_params.csv:C02:v_i_baseline,market_params.csv,C02,v_i_baseline,350.0,CNY/tonne,derived,SCEN_TOTAL_DEMAND,,,,documented,machine lineage; external source review may remain
market_params.csv:C03:v_i_baseline,market_params.csv,C03,v_i_baseline,470.0,CNY/tonne,derived,SCEN_TOTAL_DEMAND,,,,documented,machine lineage; external source review may remain
market_params.csv:C04:v_i_baseline,market_params.csv,C04,v_i_baseline,340.0,CNY/tonne,derived,SCEN_TOTAL_DEMAND,,,,documented,machine lineage; external source review may remain
market_params.csv:C05:v_i_baseline,market_params.csv,C05,v_i_baseline,310.0,CNY/tonne,derived,SCEN_TOTAL_DEMAND,,,,documented,machine lineage; external source review may remain
market_params.csv:C06:v_i_baseline,market_params.csv,C06,v_i_baseline,140.0,CNY/tonne,derived,SCEN_TOTAL_DEMAND,,,,documented,machine lineage; external source review may remain
market_params.csv:C07:v_i_baseline,market_params.csv,C07,v_i_baseline,360.0,CNY/tonne,derived,SCEN_TOTAL_DEMAND,,,,documented,machine lineage; external source review may remain
market_params.csv:C08:v_i_baseline,market_params.csv,C08,v_i_baseline,440.0,CNY/tonne,derived,SCEN_TOTAL_DEMAND,,,,documented,machine lineage; external source review may remain
market_params.csv:M09:v_i_baseline,market_params.csv,M09,v_i_baseline,265.0,CNY/tonne,derived,SCEN_TOTAL_DEMAND,,,,documented,machine lineage; external source review may remain
market_params.csv:M10:v_i_baseline,market_params.csv,M10,v_i_baseline,320.0,CNY/tonne,derived,SCEN_TOTAL_DEMAND,,,,documented,machine lineage; external source review may remain
market_params.csv:M11:v_i_baseline,market_params.csv,M11,v_i_baseline,240.0,CNY/tonne,derived,SCEN_TOTAL_DEMAND,,,,documented,machine lineage; external source review may remain
market_params.csv:M12:v_i_baseline,market_params.csv,M12,v_i_baseline,610.0,CNY/tonne,derived,SCEN_TOTAL_DEMAND,,,,documented,machine lineage; external source review may remain
market_params.csv:M13:v_i_baseline,market_params.csv,M13,v_i_baseline,260.0,CNY/tonne,derived,SCEN_TOTAL_DEMAND,,,,documented,machine lineage; external source review may remain
market_params.csv:M14:v_i_baseline,market_params.csv,M14,v_i_baseline,220.0,CNY/tonne,derived,SCEN_TOTAL_DEMAND,,,,documented,machine lineage; external source review may remain
market_params.csv:M15:v_i_baseline,market_params.csv,M15,v_i_baseline,453.3299999999999,CNY/tonne,derived,SCEN_TOTAL_DEMAND,,,,documented,machine lineage; external source review may remain
market_params.csv:C01:price_status,market_params.csv,C01,price_status,observed,text,identifier,NODE_S1,T_STRUCTURAL_ID,,,documented,machine lineage; external source review may remain
market_params.csv:C02:price_status,market_params.csv,C02,price_status,observed,text,identifier,NODE_S1,T_STRUCTURAL_ID,,,documented,machine lineage; external source review may remain
market_params.csv:C03:price_status,market_params.csv,C03,price_status,observed,text,identifier,NODE_S1,T_STRUCTURAL_ID,,,documented,machine lineage; external source review may remain
market_params.csv:C04:price_status,market_params.csv,C04,price_status,observed_range_midpoint,text,identifier,NODE_S1,T_STRUCTURAL_ID,,,documented,machine lineage; external source review may remain
market_params.csv:C05:price_status,market_params.csv,C05,price_status,observed,text,identifier,NODE_S1,T_STRUCTURAL_ID,,,documented,machine lineage; external source review may remain
market_params.csv:C06:price_status,market_params.csv,C06,price_status,observed_brand_specific,text,identifier,NODE_S1,T_STRUCTURAL_ID,,,documented,machine lineage; external source review may remain
market_params.csv:C07:price_status,market_params.csv,C07,price_status,observed,text,identifier,NODE_S1,T_STRUCTURAL_ID,,,documented,machine lineage; external source review may remain
market_params.csv:C08:price_status,market_params.csv,C08,price_status,observed,text,identifier,NODE_S1,T_STRUCTURAL_ID,,,documented,machine lineage; external source review may remain
market_params.csv:M09:price_status,market_params.csv,M09,price_status,observed_range_midpoint,text,identifier,NODE_S1,T_STRUCTURAL_ID,,,documented,machine lineage; external source review may remain
market_params.csv:M10:price_status,market_params.csv,M10,price_status,observed,text,identifier,NODE_S1,T_STRUCTURAL_ID,,,documented,machine lineage; external source review may remain
market_params.csv:M11:price_status,market_params.csv,M11,price_status,observed_range_midpoint,text,identifier,NODE_S1,T_STRUCTURAL_ID,,,documented,machine lineage; external source review may remain
market_params.csv:M12:price_status,market_params.csv,M12,price_status,observed_older_date,text,identifier,NODE_S1,T_STRUCTURAL_ID,,,documented,machine lineage; external source review may remain
market_params.csv:M13:price_status,market_params.csv,M13,price_status,observed_spec_band,text,identifier,NODE_S1,T_STRUCTURAL_ID,,,documented,machine lineage; external source review may remain
market_params.csv:M14:price_status,market_params.csv,M14,price_status,observed,text,identifier,NODE_S1,T_STRUCTURAL_ID,,,documented,machine lineage; external source review may remain
market_params.csv:M15:price_status,market_params.csv,M15,price_status,derived_proxy,text,identifier,NODE_S1,T_STRUCTURAL_ID,,,documented,machine lineage; external source review may remain
dc_params.csv:C01:dc_id,dc_params.csv,C01,dc_id,C01,identifier,identifier,NODE_S1,T_STRUCTURAL_ID,,,documented,machine lineage; external source review may remain
dc_params.csv:C02:dc_id,dc_params.csv,C02,dc_id,C02,identifier,identifier,NODE_S1,T_STRUCTURAL_ID,,,documented,machine lineage; external source review may remain
dc_params.csv:C03:dc_id,dc_params.csv,C03,dc_id,C03,identifier,identifier,NODE_S1,T_STRUCTURAL_ID,,,documented,machine lineage; external source review may remain
dc_params.csv:C04:dc_id,dc_params.csv,C04,dc_id,C04,identifier,identifier,NODE_S1,T_STRUCTURAL_ID,,,documented,machine lineage; external source review may remain
dc_params.csv:C05:dc_id,dc_params.csv,C05,dc_id,C05,identifier,identifier,NODE_S1,T_STRUCTURAL_ID,,,documented,machine lineage; external source review may remain
dc_params.csv:C06:dc_id,dc_params.csv,C06,dc_id,C06,identifier,identifier,NODE_S1,T_STRUCTURAL_ID,,,documented,machine lineage; external source review may remain
dc_params.csv:C07:dc_id,dc_params.csv,C07,dc_id,C07,identifier,identifier,NODE_S1,T_STRUCTURAL_ID,,,documented,machine lineage; external source review may remain
dc_params.csv:C08:dc_id,dc_params.csv,C08,dc_id,C08,identifier,identifier,NODE_S1,T_STRUCTURAL_ID,,,documented,machine lineage; external source review may remain
dc_params.csv:C01:city,dc_params.csv,C01,city,Shanghai,text,identifier,NODE_S1,T_STRUCTURAL_ID,,,documented,machine lineage; external source review may remain
dc_params.csv:C02:city,dc_params.csv,C02,city,Nanjing,text,identifier,NODE_S1,T_STRUCTURAL_ID,,,documented,machine lineage; external source review may remain
dc_params.csv:C03:city,dc_params.csv,C03,city,Suzhou,text,identifier,NODE_S1,T_STRUCTURAL_ID,,,documented,machine lineage; external source review may remain
dc_params.csv:C04:city,dc_params.csv,C04,city,Wuxi,text,identifier,NODE_S1,T_STRUCTURAL_ID,,,documented,machine lineage; external source review may remain
dc_params.csv:C05:city,dc_params.csv,C05,city,Hangzhou,text,identifier,NODE_S1,T_STRUCTURAL_ID,,,documented,machine lineage; external source review may remain
dc_params.csv:C06:city,dc_params.csv,C06,city,Ningbo,text,identifier,NODE_S1,T_STRUCTURAL_ID,,,documented,machine lineage; external source review may remain
dc_params.csv:C07:city,dc_params.csv,C07,city,Hefei,text,identifier,NODE_S1,T_STRUCTURAL_ID,,,documented,machine lineage; external source review may remain
dc_params.csv:C08:city,dc_params.csv,C08,city,Jiaxing,text,identifier,NODE_S1,T_STRUCTURAL_ID,,,documented,machine lineage; external source review may remain
dc_params.csv:C01:warehouse_rent_cny_per_sqm_month,dc_params.csv,C01,warehouse_rent_cny_per_sqm_month,35.8,CNY/(m2*month),observed,RENT_C01,,,,documented,machine lineage; external source review may remain
dc_params.csv:C02:warehouse_rent_cny_per_sqm_month,dc_params.csv,C02,warehouse_rent_cny_per_sqm_month,21.0,CNY/(m2*month),observed,RENT_C01,,,,documented,machine lineage; external source review may remain
dc_params.csv:C03:warehouse_rent_cny_per_sqm_month,dc_params.csv,C03,warehouse_rent_cny_per_sqm_month,22.5,CNY/(m2*month),observed,RENT_C01,,,,documented,machine lineage; external source review may remain
dc_params.csv:C04:warehouse_rent_cny_per_sqm_month,dc_params.csv,C04,warehouse_rent_cny_per_sqm_month,19.8,CNY/(m2*month),observed,RENT_C01,,,,documented,machine lineage; external source review may remain
dc_params.csv:C05:warehouse_rent_cny_per_sqm_month,dc_params.csv,C05,warehouse_rent_cny_per_sqm_month,21.0,CNY/(m2*month),observed,RENT_C01,,,,documented,machine lineage; external source review may remain
dc_params.csv:C06:warehouse_rent_cny_per_sqm_month,dc_params.csv,C06,warehouse_rent_cny_per_sqm_month,22.2,CNY/(m2*month),observed,RENT_C01,,,,documented,machine lineage; external source review may remain
dc_params.csv:C07:warehouse_rent_cny_per_sqm_month,dc_params.csv,C07,warehouse_rent_cny_per_sqm_month,17.0,CNY/(m2*month),observed,RENT_C01,,,,documented,machine lineage; external source review may remain
dc_params.csv:C08:warehouse_rent_cny_per_sqm_month,dc_params.csv,C08,warehouse_rent_cny_per_sqm_month,15.0,CNY/(m2*month),observed,RENT_C01,,,,documented,machine lineage; external source review may remain
dc_params.csv:C01:warehouse_area_sqm,dc_params.csv,C01,warehouse_area_sqm,10000,m2,scenario,SCEN_TOTAL_DEMAND,,SCEN_WAREHOUSE_AREA_SQM,,documented,machine lineage; external source review may remain
dc_params.csv:C02:warehouse_area_sqm,dc_params.csv,C02,warehouse_area_sqm,10000,m2,scenario,SCEN_TOTAL_DEMAND,,SCEN_WAREHOUSE_AREA_SQM,,documented,machine lineage; external source review may remain
dc_params.csv:C03:warehouse_area_sqm,dc_params.csv,C03,warehouse_area_sqm,10000,m2,scenario,SCEN_TOTAL_DEMAND,,SCEN_WAREHOUSE_AREA_SQM,,documented,machine lineage; external source review may remain
dc_params.csv:C04:warehouse_area_sqm,dc_params.csv,C04,warehouse_area_sqm,10000,m2,scenario,SCEN_TOTAL_DEMAND,,SCEN_WAREHOUSE_AREA_SQM,,documented,machine lineage; external source review may remain
dc_params.csv:C05:warehouse_area_sqm,dc_params.csv,C05,warehouse_area_sqm,10000,m2,scenario,SCEN_TOTAL_DEMAND,,SCEN_WAREHOUSE_AREA_SQM,,documented,machine lineage; external source review may remain
dc_params.csv:C06:warehouse_area_sqm,dc_params.csv,C06,warehouse_area_sqm,10000,m2,scenario,SCEN_TOTAL_DEMAND,,SCEN_WAREHOUSE_AREA_SQM,,documented,machine lineage; external source review may remain
dc_params.csv:C07:warehouse_area_sqm,dc_params.csv,C07,warehouse_area_sqm,10000,m2,scenario,SCEN_TOTAL_DEMAND,,SCEN_WAREHOUSE_AREA_SQM,,documented,machine lineage; external source review may remain
dc_params.csv:C08:warehouse_area_sqm,dc_params.csv,C08,warehouse_area_sqm,10000,m2,scenario,SCEN_TOTAL_DEMAND,,SCEN_WAREHOUSE_AREA_SQM,,documented,machine lineage; external source review may remain
dc_params.csv:C01:fixed_operating_multiplier,dc_params.csv,C01,fixed_operating_multiplier,1.2,ratio,scenario,SCEN_TOTAL_DEMAND,,SCEN_FIXED_OPERATING_MULTIPLIER,,documented,machine lineage; external source review may remain
dc_params.csv:C02:fixed_operating_multiplier,dc_params.csv,C02,fixed_operating_multiplier,1.2,ratio,scenario,SCEN_TOTAL_DEMAND,,SCEN_FIXED_OPERATING_MULTIPLIER,,documented,machine lineage; external source review may remain
dc_params.csv:C03:fixed_operating_multiplier,dc_params.csv,C03,fixed_operating_multiplier,1.2,ratio,scenario,SCEN_TOTAL_DEMAND,,SCEN_FIXED_OPERATING_MULTIPLIER,,documented,machine lineage; external source review may remain
dc_params.csv:C04:fixed_operating_multiplier,dc_params.csv,C04,fixed_operating_multiplier,1.2,ratio,scenario,SCEN_TOTAL_DEMAND,,SCEN_FIXED_OPERATING_MULTIPLIER,,documented,machine lineage; external source review may remain
dc_params.csv:C05:fixed_operating_multiplier,dc_params.csv,C05,fixed_operating_multiplier,1.2,ratio,scenario,SCEN_TOTAL_DEMAND,,SCEN_FIXED_OPERATING_MULTIPLIER,,documented,machine lineage; external source review may remain
dc_params.csv:C06:fixed_operating_multiplier,dc_params.csv,C06,fixed_operating_multiplier,1.2,ratio,scenario,SCEN_TOTAL_DEMAND,,SCEN_FIXED_OPERATING_MULTIPLIER,,documented,machine lineage; external source review may remain
dc_params.csv:C07:fixed_operating_multiplier,dc_params.csv,C07,fixed_operating_multiplier,1.2,ratio,scenario,SCEN_TOTAL_DEMAND,,SCEN_FIXED_OPERATING_MULTIPLIER,,documented,machine lineage; external source review may remain
dc_params.csv:C08:fixed_operating_multiplier,dc_params.csv,C08,fixed_operating_multiplier,1.2,ratio,scenario,SCEN_TOTAL_DEMAND,,SCEN_FIXED_OPERATING_MULTIPLIER,,documented,machine lineage; external source review may remain
dc_params.csv:C01:f_j_cny_per_year,dc_params.csv,C01,f_j_cny_per_year,5155200.0,CNY/year,derived,NODE_S1,T_STRUCTURAL_ID,,,documented,machine lineage; external source review may remain
dc_params.csv:C02:f_j_cny_per_year,dc_params.csv,C02,f_j_cny_per_year,3024000.0,CNY/year,derived,NODE_S1,T_STRUCTURAL_ID,,,documented,machine lineage; external source review may remain
dc_params.csv:C03:f_j_cny_per_year,dc_params.csv,C03,f_j_cny_per_year,3240000.0,CNY/year,derived,NODE_S1,T_STRUCTURAL_ID,,,documented,machine lineage; external source review may remain
dc_params.csv:C04:f_j_cny_per_year,dc_params.csv,C04,f_j_cny_per_year,2851200.0,CNY/year,derived,NODE_S1,T_STRUCTURAL_ID,,,documented,machine lineage; external source review may remain
dc_params.csv:C05:f_j_cny_per_year,dc_params.csv,C05,f_j_cny_per_year,3024000.0,CNY/year,derived,NODE_S1,T_STRUCTURAL_ID,,,documented,machine lineage; external source review may remain
dc_params.csv:C06:f_j_cny_per_year,dc_params.csv,C06,f_j_cny_per_year,3196800.0,CNY/year,derived,NODE_S1,T_STRUCTURAL_ID,,,documented,machine lineage; external source review may remain
dc_params.csv:C07:f_j_cny_per_year,dc_params.csv,C07,f_j_cny_per_year,2448000.0,CNY/year,derived,NODE_S1,T_STRUCTURAL_ID,,,documented,machine lineage; external source review may remain
dc_params.csv:C08:f_j_cny_per_year,dc_params.csv,C08,f_j_cny_per_year,2160000.0,CNY/year,derived,NODE_S1,T_STRUCTURAL_ID,,,documented,machine lineage; external source review may remain
dc_params.csv:C01:rent_status,dc_params.csv,C01,rent_status,city_average,text,identifier,NODE_S1,T_STRUCTURAL_ID,,,documented,machine lineage; external source review may remain
dc_params.csv:C02:rent_status,dc_params.csv,C02,rent_status,specific_listing,text,identifier,NODE_S1,T_STRUCTURAL_ID,,,documented,machine lineage; external source review may remain
dc_params.csv:C03:rent_status,dc_params.csv,C03,rent_status,city_average,text,identifier,NODE_S1,T_STRUCTURAL_ID,,,documented,machine lineage; external source review may remain
dc_params.csv:C04:rent_status,dc_params.csv,C04,rent_status,city_average,text,identifier,NODE_S1,T_STRUCTURAL_ID,,,documented,machine lineage; external source review may remain
dc_params.csv:C05:rent_status,dc_params.csv,C05,rent_status,city_average,text,identifier,NODE_S1,T_STRUCTURAL_ID,,,documented,machine lineage; external source review may remain
dc_params.csv:C06:rent_status,dc_params.csv,C06,rent_status,city_average,text,identifier,NODE_S1,T_STRUCTURAL_ID,,,documented,machine lineage; external source review may remain
dc_params.csv:C07:rent_status,dc_params.csv,C07,rent_status,specific_listing,text,identifier,NODE_S1,T_STRUCTURAL_ID,,,documented,machine lineage; external source review may remain
dc_params.csv:C08:rent_status,dc_params.csv,C08,rent_status,city_average,text,identifier,NODE_S1,T_STRUCTURAL_ID,,,documented,machine lineage; external source review may remain
inventory_params.csv:C01:dc_id,inventory_params.csv,C01,dc_id,C01,identifier,identifier,NODE_S1,T_STRUCTURAL_ID,,,documented,machine lineage; external source review may remain
inventory_params.csv:C02:dc_id,inventory_params.csv,C02,dc_id,C02,identifier,identifier,NODE_S1,T_STRUCTURAL_ID,,,documented,machine lineage; external source review may remain
inventory_params.csv:C03:dc_id,inventory_params.csv,C03,dc_id,C03,identifier,identifier,NODE_S1,T_STRUCTURAL_ID,,,documented,machine lineage; external source review may remain
inventory_params.csv:C04:dc_id,inventory_params.csv,C04,dc_id,C04,identifier,identifier,NODE_S1,T_STRUCTURAL_ID,,,documented,machine lineage; external source review may remain
inventory_params.csv:C05:dc_id,inventory_params.csv,C05,dc_id,C05,identifier,identifier,NODE_S1,T_STRUCTURAL_ID,,,documented,machine lineage; external source review may remain
inventory_params.csv:C06:dc_id,inventory_params.csv,C06,dc_id,C06,identifier,identifier,NODE_S1,T_STRUCTURAL_ID,,,documented,machine lineage; external source review may remain
inventory_params.csv:C07:dc_id,inventory_params.csv,C07,dc_id,C07,identifier,identifier,NODE_S1,T_STRUCTURAL_ID,,,documented,machine lineage; external source review may remain
inventory_params.csv:C08:dc_id,inventory_params.csv,C08,dc_id,C08,identifier,identifier,NODE_S1,T_STRUCTURAL_ID,,,documented,machine lineage; external source review may remain
inventory_params.csv:C01:F_j_cny_per_order,inventory_params.csv,C01,F_j_cny_per_order,1000,CNY/order,scenario,SCEN_TOTAL_DEMAND,,SCEN_F_J_CNY_PER_ORDER,,documented,machine lineage; external source review may remain
inventory_params.csv:C02:F_j_cny_per_order,inventory_params.csv,C02,F_j_cny_per_order,1000,CNY/order,scenario,SCEN_TOTAL_DEMAND,,SCEN_F_J_CNY_PER_ORDER,,documented,machine lineage; external source review may remain
inventory_params.csv:C03:F_j_cny_per_order,inventory_params.csv,C03,F_j_cny_per_order,1000,CNY/order,scenario,SCEN_TOTAL_DEMAND,,SCEN_F_J_CNY_PER_ORDER,,documented,machine lineage; external source review may remain
inventory_params.csv:C04:F_j_cny_per_order,inventory_params.csv,C04,F_j_cny_per_order,1000,CNY/order,scenario,SCEN_TOTAL_DEMAND,,SCEN_F_J_CNY_PER_ORDER,,documented,machine lineage; external source review may remain
inventory_params.csv:C05:F_j_cny_per_order,inventory_params.csv,C05,F_j_cny_per_order,1000,CNY/order,scenario,SCEN_TOTAL_DEMAND,,SCEN_F_J_CNY_PER_ORDER,,documented,machine lineage; external source review may remain
inventory_params.csv:C06:F_j_cny_per_order,inventory_params.csv,C06,F_j_cny_per_order,1000,CNY/order,scenario,SCEN_TOTAL_DEMAND,,SCEN_F_J_CNY_PER_ORDER,,documented,machine lineage; external source review may remain
inventory_params.csv:C07:F_j_cny_per_order,inventory_params.csv,C07,F_j_cny_per_order,1000,CNY/order,scenario,SCEN_TOTAL_DEMAND,,SCEN_F_J_CNY_PER_ORDER,,documented,machine lineage; external source review may remain
inventory_params.csv:C08:F_j_cny_per_order,inventory_params.csv,C08,F_j_cny_per_order,1000,CNY/order,scenario,SCEN_TOTAL_DEMAND,,SCEN_F_J_CNY_PER_ORDER,,documented,machine lineage; external source review may remain
inventory_params.csv:C01:g_j_cny_per_order,inventory_params.csv,C01,g_j_cny_per_order,5000,CNY/order,scenario,SCEN_TOTAL_DEMAND,,SCEN_G_J_CNY_PER_ORDER,,documented,machine lineage; external source review may remain
inventory_params.csv:C02:g_j_cny_per_order,inventory_params.csv,C02,g_j_cny_per_order,5000,CNY/order,scenario,SCEN_TOTAL_DEMAND,,SCEN_G_J_CNY_PER_ORDER,,documented,machine lineage; external source review may remain
inventory_params.csv:C03:g_j_cny_per_order,inventory_params.csv,C03,g_j_cny_per_order,5000,CNY/order,scenario,SCEN_TOTAL_DEMAND,,SCEN_G_J_CNY_PER_ORDER,,documented,machine lineage; external source review may remain
inventory_params.csv:C04:g_j_cny_per_order,inventory_params.csv,C04,g_j_cny_per_order,5000,CNY/order,scenario,SCEN_TOTAL_DEMAND,,SCEN_G_J_CNY_PER_ORDER,,documented,machine lineage; external source review may remain
inventory_params.csv:C05:g_j_cny_per_order,inventory_params.csv,C05,g_j_cny_per_order,5000,CNY/order,scenario,SCEN_TOTAL_DEMAND,,SCEN_G_J_CNY_PER_ORDER,,documented,machine lineage; external source review may remain
inventory_params.csv:C06:g_j_cny_per_order,inventory_params.csv,C06,g_j_cny_per_order,5000,CNY/order,scenario,SCEN_TOTAL_DEMAND,,SCEN_G_J_CNY_PER_ORDER,,documented,machine lineage; external source review may remain
inventory_params.csv:C07:g_j_cny_per_order,inventory_params.csv,C07,g_j_cny_per_order,5000,CNY/order,scenario,SCEN_TOTAL_DEMAND,,SCEN_G_J_CNY_PER_ORDER,,documented,machine lineage; external source review may remain
inventory_params.csv:C08:g_j_cny_per_order,inventory_params.csv,C08,g_j_cny_per_order,5000,CNY/order,scenario,SCEN_TOTAL_DEMAND,,SCEN_G_J_CNY_PER_ORDER,,documented,machine lineage; external source review may remain
inventory_params.csv:C01:h_cny_per_tonne_year,inventory_params.csv,C01,h_cny_per_tonne_year,300,CNY/(tonne*year),scenario,SCEN_TOTAL_DEMAND,,SCEN_H_CNY_PER_TONNE_YEAR,,documented,machine lineage; external source review may remain
inventory_params.csv:C02:h_cny_per_tonne_year,inventory_params.csv,C02,h_cny_per_tonne_year,300,CNY/(tonne*year),scenario,SCEN_TOTAL_DEMAND,,SCEN_H_CNY_PER_TONNE_YEAR,,documented,machine lineage; external source review may remain
inventory_params.csv:C03:h_cny_per_tonne_year,inventory_params.csv,C03,h_cny_per_tonne_year,300,CNY/(tonne*year),scenario,SCEN_TOTAL_DEMAND,,SCEN_H_CNY_PER_TONNE_YEAR,,documented,machine lineage; external source review may remain
inventory_params.csv:C04:h_cny_per_tonne_year,inventory_params.csv,C04,h_cny_per_tonne_year,300,CNY/(tonne*year),scenario,SCEN_TOTAL_DEMAND,,SCEN_H_CNY_PER_TONNE_YEAR,,documented,machine lineage; external source review may remain
inventory_params.csv:C05:h_cny_per_tonne_year,inventory_params.csv,C05,h_cny_per_tonne_year,300,CNY/(tonne*year),scenario,SCEN_TOTAL_DEMAND,,SCEN_H_CNY_PER_TONNE_YEAR,,documented,machine lineage; external source review may remain
inventory_params.csv:C06:h_cny_per_tonne_year,inventory_params.csv,C06,h_cny_per_tonne_year,300,CNY/(tonne*year),scenario,SCEN_TOTAL_DEMAND,,SCEN_H_CNY_PER_TONNE_YEAR,,documented,machine lineage; external source review may remain
inventory_params.csv:C07:h_cny_per_tonne_year,inventory_params.csv,C07,h_cny_per_tonne_year,300,CNY/(tonne*year),scenario,SCEN_TOTAL_DEMAND,,SCEN_H_CNY_PER_TONNE_YEAR,,documented,machine lineage; external source review may remain
inventory_params.csv:C08:h_cny_per_tonne_year,inventory_params.csv,C08,h_cny_per_tonne_year,300,CNY/(tonne*year),scenario,SCEN_TOTAL_DEMAND,,SCEN_H_CNY_PER_TONNE_YEAR,,documented,machine lineage; external source review may remain
inventory_params.csv:C01:L_j_days,inventory_params.csv,C01,L_j_days,1,day,scenario,SCEN_TOTAL_DEMAND,,SCEN_L_J_DAYS,,documented,machine lineage; external source review may remain
inventory_params.csv:C02:L_j_days,inventory_params.csv,C02,L_j_days,1,day,scenario,SCEN_TOTAL_DEMAND,,SCEN_L_J_DAYS,,documented,machine lineage; external source review may remain
inventory_params.csv:C03:L_j_days,inventory_params.csv,C03,L_j_days,1,day,scenario,SCEN_TOTAL_DEMAND,,SCEN_L_J_DAYS,,documented,machine lineage; external source review may remain
inventory_params.csv:C04:L_j_days,inventory_params.csv,C04,L_j_days,1,day,scenario,SCEN_TOTAL_DEMAND,,SCEN_L_J_DAYS,,documented,machine lineage; external source review may remain
inventory_params.csv:C05:L_j_days,inventory_params.csv,C05,L_j_days,1,day,scenario,SCEN_TOTAL_DEMAND,,SCEN_L_J_DAYS,,documented,machine lineage; external source review may remain
inventory_params.csv:C06:L_j_days,inventory_params.csv,C06,L_j_days,1,day,scenario,SCEN_TOTAL_DEMAND,,SCEN_L_J_DAYS,,documented,machine lineage; external source review may remain
inventory_params.csv:C07:L_j_days,inventory_params.csv,C07,L_j_days,1,day,scenario,SCEN_TOTAL_DEMAND,,SCEN_L_J_DAYS,,documented,machine lineage; external source review may remain
inventory_params.csv:C08:L_j_days,inventory_params.csv,C08,L_j_days,1,day,scenario,SCEN_TOTAL_DEMAND,,SCEN_L_J_DAYS,,documented,machine lineage; external source review may remain
inventory_params.csv:C01:alpha,inventory_params.csv,C01,alpha,0.975,ratio,scenario,SCEN_TOTAL_DEMAND,,SCEN_ALPHA,,documented,machine lineage; external source review may remain
inventory_params.csv:C02:alpha,inventory_params.csv,C02,alpha,0.975,ratio,scenario,SCEN_TOTAL_DEMAND,,SCEN_ALPHA,,documented,machine lineage; external source review may remain
inventory_params.csv:C03:alpha,inventory_params.csv,C03,alpha,0.975,ratio,scenario,SCEN_TOTAL_DEMAND,,SCEN_ALPHA,,documented,machine lineage; external source review may remain
inventory_params.csv:C04:alpha,inventory_params.csv,C04,alpha,0.975,ratio,scenario,SCEN_TOTAL_DEMAND,,SCEN_ALPHA,,documented,machine lineage; external source review may remain
inventory_params.csv:C05:alpha,inventory_params.csv,C05,alpha,0.975,ratio,scenario,SCEN_TOTAL_DEMAND,,SCEN_ALPHA,,documented,machine lineage; external source review may remain
inventory_params.csv:C06:alpha,inventory_params.csv,C06,alpha,0.975,ratio,scenario,SCEN_TOTAL_DEMAND,,SCEN_ALPHA,,documented,machine lineage; external source review may remain
inventory_params.csv:C07:alpha,inventory_params.csv,C07,alpha,0.975,ratio,scenario,SCEN_TOTAL_DEMAND,,SCEN_ALPHA,,documented,machine lineage; external source review may remain
inventory_params.csv:C08:alpha,inventory_params.csv,C08,alpha,0.975,ratio,scenario,SCEN_TOTAL_DEMAND,,SCEN_ALPHA,,documented,machine lineage; external source review may remain
inventory_params.csv:C01:z_alpha,inventory_params.csv,C01,z_alpha,1.96,ratio,scenario,SCEN_TOTAL_DEMAND,,SCEN_Z_ALPHA,,documented,machine lineage; external source review may remain
inventory_params.csv:C02:z_alpha,inventory_params.csv,C02,z_alpha,1.96,ratio,scenario,SCEN_TOTAL_DEMAND,,SCEN_Z_ALPHA,,documented,machine lineage; external source review may remain
inventory_params.csv:C03:z_alpha,inventory_params.csv,C03,z_alpha,1.96,ratio,scenario,SCEN_TOTAL_DEMAND,,SCEN_Z_ALPHA,,documented,machine lineage; external source review may remain
inventory_params.csv:C04:z_alpha,inventory_params.csv,C04,z_alpha,1.96,ratio,scenario,SCEN_TOTAL_DEMAND,,SCEN_Z_ALPHA,,documented,machine lineage; external source review may remain
inventory_params.csv:C05:z_alpha,inventory_params.csv,C05,z_alpha,1.96,ratio,scenario,SCEN_TOTAL_DEMAND,,SCEN_Z_ALPHA,,documented,machine lineage; external source review may remain
inventory_params.csv:C06:z_alpha,inventory_params.csv,C06,z_alpha,1.96,ratio,scenario,SCEN_TOTAL_DEMAND,,SCEN_Z_ALPHA,,documented,machine lineage; external source review may remain
inventory_params.csv:C07:z_alpha,inventory_params.csv,C07,z_alpha,1.96,ratio,scenario,SCEN_TOTAL_DEMAND,,SCEN_Z_ALPHA,,documented,machine lineage; external source review may remain
inventory_params.csv:C08:z_alpha,inventory_params.csv,C08,z_alpha,1.96,ratio,scenario,SCEN_TOTAL_DEMAND,,SCEN_Z_ALPHA,,documented,machine lineage; external source review may remain
dc_emission_params.csv:C01:dc_id,dc_emission_params.csv,C01,dc_id,C01,identifier,identifier,NODE_S1,T_STRUCTURAL_ID,,,documented,machine lineage; external source review may remain
dc_emission_params.csv:C02:dc_id,dc_emission_params.csv,C02,dc_id,C02,identifier,identifier,NODE_S1,T_STRUCTURAL_ID,,,documented,machine lineage; external source review may remain
dc_emission_params.csv:C03:dc_id,dc_emission_params.csv,C03,dc_id,C03,identifier,identifier,NODE_S1,T_STRUCTURAL_ID,,,documented,machine lineage; external source review may remain
dc_emission_params.csv:C04:dc_id,dc_emission_params.csv,C04,dc_id,C04,identifier,identifier,NODE_S1,T_STRUCTURAL_ID,,,documented,machine lineage; external source review may remain
dc_emission_params.csv:C05:dc_id,dc_emission_params.csv,C05,dc_id,C05,identifier,identifier,NODE_S1,T_STRUCTURAL_ID,,,documented,machine lineage; external source review may remain
dc_emission_params.csv:C06:dc_id,dc_emission_params.csv,C06,dc_id,C06,identifier,identifier,NODE_S1,T_STRUCTURAL_ID,,,documented,machine lineage; external source review may remain
dc_emission_params.csv:C07:dc_id,dc_emission_params.csv,C07,dc_id,C07,identifier,identifier,NODE_S1,T_STRUCTURAL_ID,,,documented,machine lineage; external source review may remain
dc_emission_params.csv:C08:dc_id,dc_emission_params.csv,C08,dc_id,C08,identifier,identifier,NODE_S1,T_STRUCTURAL_ID,,,documented,machine lineage; external source review may remain
dc_emission_params.csv:C01:hat_f_j_tco2e_per_year,dc_emission_params.csv,C01,hat_f_j_tco2e_per_year,110,tCO2e/year,scenario,SCEN_TOTAL_DEMAND,,SCEN_HAT_F_J_TCO2E_PER_YEAR,,documented,machine lineage; external source review may remain
dc_emission_params.csv:C02:hat_f_j_tco2e_per_year,dc_emission_params.csv,C02,hat_f_j_tco2e_per_year,110,tCO2e/year,scenario,SCEN_TOTAL_DEMAND,,SCEN_HAT_F_J_TCO2E_PER_YEAR,,documented,machine lineage; external source review may remain
dc_emission_params.csv:C03:hat_f_j_tco2e_per_year,dc_emission_params.csv,C03,hat_f_j_tco2e_per_year,110,tCO2e/year,scenario,SCEN_TOTAL_DEMAND,,SCEN_HAT_F_J_TCO2E_PER_YEAR,,documented,machine lineage; external source review may remain
dc_emission_params.csv:C04:hat_f_j_tco2e_per_year,dc_emission_params.csv,C04,hat_f_j_tco2e_per_year,110,tCO2e/year,scenario,SCEN_TOTAL_DEMAND,,SCEN_HAT_F_J_TCO2E_PER_YEAR,,documented,machine lineage; external source review may remain
dc_emission_params.csv:C05:hat_f_j_tco2e_per_year,dc_emission_params.csv,C05,hat_f_j_tco2e_per_year,110,tCO2e/year,scenario,SCEN_TOTAL_DEMAND,,SCEN_HAT_F_J_TCO2E_PER_YEAR,,documented,machine lineage; external source review may remain
dc_emission_params.csv:C06:hat_f_j_tco2e_per_year,dc_emission_params.csv,C06,hat_f_j_tco2e_per_year,110,tCO2e/year,scenario,SCEN_TOTAL_DEMAND,,SCEN_HAT_F_J_TCO2E_PER_YEAR,,documented,machine lineage; external source review may remain
dc_emission_params.csv:C07:hat_f_j_tco2e_per_year,dc_emission_params.csv,C07,hat_f_j_tco2e_per_year,110,tCO2e/year,scenario,SCEN_TOTAL_DEMAND,,SCEN_HAT_F_J_TCO2E_PER_YEAR,,documented,machine lineage; external source review may remain
dc_emission_params.csv:C08:hat_f_j_tco2e_per_year,dc_emission_params.csv,C08,hat_f_j_tco2e_per_year,110,tCO2e/year,scenario,SCEN_TOTAL_DEMAND,,SCEN_HAT_F_J_TCO2E_PER_YEAR,,documented,machine lineage; external source review may remain
dc_emission_params.csv:C01:hat_h_tco2e_per_tonne_year,dc_emission_params.csv,C01,hat_h_tco2e_per_tonne_year,0.00055,tCO2e/(tonne*year),scenario,SCEN_TOTAL_DEMAND,,SCEN_HAT_H_TCO2E_PER_TONNE_YEAR,,documented,machine lineage; external source review may remain
dc_emission_params.csv:C02:hat_h_tco2e_per_tonne_year,dc_emission_params.csv,C02,hat_h_tco2e_per_tonne_year,0.00055,tCO2e/(tonne*year),scenario,SCEN_TOTAL_DEMAND,,SCEN_HAT_H_TCO2E_PER_TONNE_YEAR,,documented,machine lineage; external source review may remain
dc_emission_params.csv:C03:hat_h_tco2e_per_tonne_year,dc_emission_params.csv,C03,hat_h_tco2e_per_tonne_year,0.00055,tCO2e/(tonne*year),scenario,SCEN_TOTAL_DEMAND,,SCEN_HAT_H_TCO2E_PER_TONNE_YEAR,,documented,machine lineage; external source review may remain
dc_emission_params.csv:C04:hat_h_tco2e_per_tonne_year,dc_emission_params.csv,C04,hat_h_tco2e_per_tonne_year,0.00055,tCO2e/(tonne*year),scenario,SCEN_TOTAL_DEMAND,,SCEN_HAT_H_TCO2E_PER_TONNE_YEAR,,documented,machine lineage; external source review may remain
dc_emission_params.csv:C05:hat_h_tco2e_per_tonne_year,dc_emission_params.csv,C05,hat_h_tco2e_per_tonne_year,0.00055,tCO2e/(tonne*year),scenario,SCEN_TOTAL_DEMAND,,SCEN_HAT_H_TCO2E_PER_TONNE_YEAR,,documented,machine lineage; external source review may remain
dc_emission_params.csv:C06:hat_h_tco2e_per_tonne_year,dc_emission_params.csv,C06,hat_h_tco2e_per_tonne_year,0.00055,tCO2e/(tonne*year),scenario,SCEN_TOTAL_DEMAND,,SCEN_HAT_H_TCO2E_PER_TONNE_YEAR,,documented,machine lineage; external source review may remain
dc_emission_params.csv:C07:hat_h_tco2e_per_tonne_year,dc_emission_params.csv,C07,hat_h_tco2e_per_tonne_year,0.00055,tCO2e/(tonne*year),scenario,SCEN_TOTAL_DEMAND,,SCEN_HAT_H_TCO2E_PER_TONNE_YEAR,,documented,machine lineage; external source review may remain
dc_emission_params.csv:C08:hat_h_tco2e_per_tonne_year,dc_emission_params.csv,C08,hat_h_tco2e_per_tonne_year,0.00055,tCO2e/(tonne*year),scenario,SCEN_TOTAL_DEMAND,,SCEN_HAT_H_TCO2E_PER_TONNE_YEAR,,documented,machine lineage; external source review may remain
supplier_dc.csv:C01:supplier_id,supplier_dc.csv,C01,supplier_id,S1,identifier,identifier,NODE_S1,T_STRUCTURAL_ID,,,documented,machine lineage; external source review may remain
supplier_dc.csv:C02:supplier_id,supplier_dc.csv,C02,supplier_id,S1,identifier,identifier,NODE_S1,T_STRUCTURAL_ID,,,documented,machine lineage; external source review may remain
supplier_dc.csv:C03:supplier_id,supplier_dc.csv,C03,supplier_id,S1,identifier,identifier,NODE_S1,T_STRUCTURAL_ID,,,documented,machine lineage; external source review may remain
supplier_dc.csv:C04:supplier_id,supplier_dc.csv,C04,supplier_id,S1,identifier,identifier,NODE_S1,T_STRUCTURAL_ID,,,documented,machine lineage; external source review may remain
supplier_dc.csv:C05:supplier_id,supplier_dc.csv,C05,supplier_id,S1,identifier,identifier,NODE_S1,T_STRUCTURAL_ID,,,documented,machine lineage; external source review may remain
supplier_dc.csv:C06:supplier_id,supplier_dc.csv,C06,supplier_id,S1,identifier,identifier,NODE_S1,T_STRUCTURAL_ID,,,documented,machine lineage; external source review may remain
supplier_dc.csv:C07:supplier_id,supplier_dc.csv,C07,supplier_id,S1,identifier,identifier,NODE_S1,T_STRUCTURAL_ID,,,documented,machine lineage; external source review may remain
supplier_dc.csv:C08:supplier_id,supplier_dc.csv,C08,supplier_id,S1,identifier,identifier,NODE_S1,T_STRUCTURAL_ID,,,documented,machine lineage; external source review may remain
supplier_dc.csv:C01:dc_id,supplier_dc.csv,C01,dc_id,C01,identifier,identifier,NODE_S1,T_STRUCTURAL_ID,,,documented,machine lineage; external source review may remain
supplier_dc.csv:C02:dc_id,supplier_dc.csv,C02,dc_id,C02,identifier,identifier,NODE_S1,T_STRUCTURAL_ID,,,documented,machine lineage; external source review may remain
supplier_dc.csv:C03:dc_id,supplier_dc.csv,C03,dc_id,C03,identifier,identifier,NODE_S1,T_STRUCTURAL_ID,,,documented,machine lineage; external source review may remain
supplier_dc.csv:C04:dc_id,supplier_dc.csv,C04,dc_id,C04,identifier,identifier,NODE_S1,T_STRUCTURAL_ID,,,documented,machine lineage; external source review may remain
supplier_dc.csv:C05:dc_id,supplier_dc.csv,C05,dc_id,C05,identifier,identifier,NODE_S1,T_STRUCTURAL_ID,,,documented,machine lineage; external source review may remain
supplier_dc.csv:C06:dc_id,supplier_dc.csv,C06,dc_id,C06,identifier,identifier,NODE_S1,T_STRUCTURAL_ID,,,documented,machine lineage; external source review may remain
supplier_dc.csv:C07:dc_id,supplier_dc.csv,C07,dc_id,C07,identifier,identifier,NODE_S1,T_STRUCTURAL_ID,,,documented,machine lineage; external source review may remain
supplier_dc.csv:C08:dc_id,supplier_dc.csv,C08,dc_id,C08,identifier,identifier,NODE_S1,T_STRUCTURAL_ID,,,documented,machine lineage; external source review may remain
supplier_dc.csv:C01:road_distance_km,supplier_dc.csv,C01,road_distance_km,324.967,km,derived,NODE_S1,T_OSRM_METRE_KM_001,,,documented,machine lineage; external source review may remain
supplier_dc.csv:C02:road_distance_km,supplier_dc.csv,C02,road_distance_km,58.846,km,derived,NODE_S1,T_OSRM_METRE_KM_001,,,documented,machine lineage; external source review may remain
supplier_dc.csv:C03:road_distance_km,supplier_dc.csv,C03,road_distance_km,236.018,km,derived,NODE_S1,T_OSRM_METRE_KM_001,,,documented,machine lineage; external source review may remain
supplier_dc.csv:C04:road_distance_km,supplier_dc.csv,C04,road_distance_km,207.519,km,derived,NODE_S1,T_OSRM_METRE_KM_001,,,documented,machine lineage; external source review may remain
supplier_dc.csv:C05:road_distance_km,supplier_dc.csv,C05,road_distance_km,285.56,km,derived,NODE_S1,T_OSRM_METRE_KM_001,,,documented,machine lineage; external source review may remain
supplier_dc.csv:C06:road_distance_km,supplier_dc.csv,C06,road_distance_km,426.765,km,derived,NODE_S1,T_OSRM_METRE_KM_001,,,documented,machine lineage; external source review may remain
supplier_dc.csv:C07:road_distance_km,supplier_dc.csv,C07,road_distance_km,153.083,km,derived,NODE_S1,T_OSRM_METRE_KM_001,,,documented,machine lineage; external source review may remain
supplier_dc.csv:C08:road_distance_km,supplier_dc.csv,C08,road_distance_km,290.655,km,derived,NODE_S1,T_OSRM_METRE_KM_001,,,documented,machine lineage; external source review may remain
supplier_dc.csv:C01:transport_cost_baseline,supplier_dc.csv,C01,transport_cost_baseline,126.737286,CNY/tonne,derived,SCEN_TOTAL_DEMAND,T_TRANSPORT_COST_001,,,documented,machine lineage; external source review may remain
supplier_dc.csv:C02:transport_cost_baseline,supplier_dc.csv,C02,transport_cost_baseline,22.949862,CNY/tonne,derived,SCEN_TOTAL_DEMAND,T_TRANSPORT_COST_001,,,documented,machine lineage; external source review may remain
supplier_dc.csv:C03:transport_cost_baseline,supplier_dc.csv,C03,transport_cost_baseline,92.047059,CNY/tonne,derived,SCEN_TOTAL_DEMAND,T_TRANSPORT_COST_001,,,documented,machine lineage; external source review may remain
supplier_dc.csv:C04:transport_cost_baseline,supplier_dc.csv,C04,transport_cost_baseline,80.932527,CNY/tonne,derived,SCEN_TOTAL_DEMAND,T_TRANSPORT_COST_001,,,documented,machine lineage; external source review may remain
supplier_dc.csv:C05:transport_cost_baseline,supplier_dc.csv,C05,transport_cost_baseline,111.368556,CNY/tonne,derived,SCEN_TOTAL_DEMAND,T_TRANSPORT_COST_001,,,documented,machine lineage; external source review may remain
supplier_dc.csv:C06:transport_cost_baseline,supplier_dc.csv,C06,transport_cost_baseline,166.438272,CNY/tonne,derived,SCEN_TOTAL_DEMAND,T_TRANSPORT_COST_001,,,documented,machine lineage; external source review may remain
supplier_dc.csv:C07:transport_cost_baseline,supplier_dc.csv,C07,transport_cost_baseline,59.702409,CNY/tonne,derived,SCEN_TOTAL_DEMAND,T_TRANSPORT_COST_001,,,documented,machine lineage; external source review may remain
supplier_dc.csv:C08:transport_cost_baseline,supplier_dc.csv,C08,transport_cost_baseline,113.355294,CNY/tonne,derived,SCEN_TOTAL_DEMAND,T_TRANSPORT_COST_001,,,documented,machine lineage; external source review may remain
dc_market.csv:C01:dc_id,dc_market.csv,C01,dc_id,C01,identifier,identifier,NODE_S1,T_STRUCTURAL_ID,,,documented,machine lineage; external source review may remain
dc_market.csv:C02:dc_id,dc_market.csv,C02,dc_id,C01,identifier,identifier,NODE_S1,T_STRUCTURAL_ID,,,documented,machine lineage; external source review may remain
dc_market.csv:C03:dc_id,dc_market.csv,C03,dc_id,C01,identifier,identifier,NODE_S1,T_STRUCTURAL_ID,,,documented,machine lineage; external source review may remain
dc_market.csv:C04:dc_id,dc_market.csv,C04,dc_id,C01,identifier,identifier,NODE_S1,T_STRUCTURAL_ID,,,documented,machine lineage; external source review may remain
dc_market.csv:C05:dc_id,dc_market.csv,C05,dc_id,C01,identifier,identifier,NODE_S1,T_STRUCTURAL_ID,,,documented,machine lineage; external source review may remain
dc_market.csv:C06:dc_id,dc_market.csv,C06,dc_id,C01,identifier,identifier,NODE_S1,T_STRUCTURAL_ID,,,documented,machine lineage; external source review may remain
dc_market.csv:C07:dc_id,dc_market.csv,C07,dc_id,C01,identifier,identifier,NODE_S1,T_STRUCTURAL_ID,,,documented,machine lineage; external source review may remain
dc_market.csv:C08:dc_id,dc_market.csv,C08,dc_id,C01,identifier,identifier,NODE_S1,T_STRUCTURAL_ID,,,documented,machine lineage; external source review may remain
dc_market.csv:M09:dc_id,dc_market.csv,M09,dc_id,C01,identifier,identifier,NODE_S1,T_STRUCTURAL_ID,,,documented,machine lineage; external source review may remain
dc_market.csv:M10:dc_id,dc_market.csv,M10,dc_id,C01,identifier,identifier,NODE_S1,T_STRUCTURAL_ID,,,documented,machine lineage; external source review may remain
dc_market.csv:M11:dc_id,dc_market.csv,M11,dc_id,C01,identifier,identifier,NODE_S1,T_STRUCTURAL_ID,,,documented,machine lineage; external source review may remain
dc_market.csv:M12:dc_id,dc_market.csv,M12,dc_id,C01,identifier,identifier,NODE_S1,T_STRUCTURAL_ID,,,documented,machine lineage; external source review may remain
dc_market.csv:M13:dc_id,dc_market.csv,M13,dc_id,C01,identifier,identifier,NODE_S1,T_STRUCTURAL_ID,,,documented,machine lineage; external source review may remain
dc_market.csv:M14:dc_id,dc_market.csv,M14,dc_id,C01,identifier,identifier,NODE_S1,T_STRUCTURAL_ID,,,documented,machine lineage; external source review may remain
dc_market.csv:M15:dc_id,dc_market.csv,M15,dc_id,C01,identifier,identifier,NODE_S1,T_STRUCTURAL_ID,,,documented,machine lineage; external source review may remain
dc_market.csv:C01:dc_id,dc_market.csv,C01,dc_id,C02,identifier,identifier,NODE_S1,T_STRUCTURAL_ID,,,documented,machine lineage; external source review may remain
dc_market.csv:C02:dc_id,dc_market.csv,C02,dc_id,C02,identifier,identifier,NODE_S1,T_STRUCTURAL_ID,,,documented,machine lineage; external source review may remain
dc_market.csv:C03:dc_id,dc_market.csv,C03,dc_id,C02,identifier,identifier,NODE_S1,T_STRUCTURAL_ID,,,documented,machine lineage; external source review may remain
dc_market.csv:C04:dc_id,dc_market.csv,C04,dc_id,C02,identifier,identifier,NODE_S1,T_STRUCTURAL_ID,,,documented,machine lineage; external source review may remain
dc_market.csv:C05:dc_id,dc_market.csv,C05,dc_id,C02,identifier,identifier,NODE_S1,T_STRUCTURAL_ID,,,documented,machine lineage; external source review may remain
dc_market.csv:C06:dc_id,dc_market.csv,C06,dc_id,C02,identifier,identifier,NODE_S1,T_STRUCTURAL_ID,,,documented,machine lineage; external source review may remain
dc_market.csv:C07:dc_id,dc_market.csv,C07,dc_id,C02,identifier,identifier,NODE_S1,T_STRUCTURAL_ID,,,documented,machine lineage; external source review may remain
dc_market.csv:C08:dc_id,dc_market.csv,C08,dc_id,C02,identifier,identifier,NODE_S1,T_STRUCTURAL_ID,,,documented,machine lineage; external source review may remain
dc_market.csv:M09:dc_id,dc_market.csv,M09,dc_id,C02,identifier,identifier,NODE_S1,T_STRUCTURAL_ID,,,documented,machine lineage; external source review may remain
dc_market.csv:M10:dc_id,dc_market.csv,M10,dc_id,C02,identifier,identifier,NODE_S1,T_STRUCTURAL_ID,,,documented,machine lineage; external source review may remain
dc_market.csv:M11:dc_id,dc_market.csv,M11,dc_id,C02,identifier,identifier,NODE_S1,T_STRUCTURAL_ID,,,documented,machine lineage; external source review may remain
dc_market.csv:M12:dc_id,dc_market.csv,M12,dc_id,C02,identifier,identifier,NODE_S1,T_STRUCTURAL_ID,,,documented,machine lineage; external source review may remain
dc_market.csv:M13:dc_id,dc_market.csv,M13,dc_id,C02,identifier,identifier,NODE_S1,T_STRUCTURAL_ID,,,documented,machine lineage; external source review may remain
dc_market.csv:M14:dc_id,dc_market.csv,M14,dc_id,C02,identifier,identifier,NODE_S1,T_STRUCTURAL_ID,,,documented,machine lineage; external source review may remain
dc_market.csv:M15:dc_id,dc_market.csv,M15,dc_id,C02,identifier,identifier,NODE_S1,T_STRUCTURAL_ID,,,documented,machine lineage; external source review may remain
dc_market.csv:C01:dc_id,dc_market.csv,C01,dc_id,C03,identifier,identifier,NODE_S1,T_STRUCTURAL_ID,,,documented,machine lineage; external source review may remain
dc_market.csv:C02:dc_id,dc_market.csv,C02,dc_id,C03,identifier,identifier,NODE_S1,T_STRUCTURAL_ID,,,documented,machine lineage; external source review may remain
dc_market.csv:C03:dc_id,dc_market.csv,C03,dc_id,C03,identifier,identifier,NODE_S1,T_STRUCTURAL_ID,,,documented,machine lineage; external source review may remain
dc_market.csv:C04:dc_id,dc_market.csv,C04,dc_id,C03,identifier,identifier,NODE_S1,T_STRUCTURAL_ID,,,documented,machine lineage; external source review may remain
dc_market.csv:C05:dc_id,dc_market.csv,C05,dc_id,C03,identifier,identifier,NODE_S1,T_STRUCTURAL_ID,,,documented,machine lineage; external source review may remain
dc_market.csv:C06:dc_id,dc_market.csv,C06,dc_id,C03,identifier,identifier,NODE_S1,T_STRUCTURAL_ID,,,documented,machine lineage; external source review may remain
dc_market.csv:C07:dc_id,dc_market.csv,C07,dc_id,C03,identifier,identifier,NODE_S1,T_STRUCTURAL_ID,,,documented,machine lineage; external source review may remain
dc_market.csv:C08:dc_id,dc_market.csv,C08,dc_id,C03,identifier,identifier,NODE_S1,T_STRUCTURAL_ID,,,documented,machine lineage; external source review may remain
dc_market.csv:M09:dc_id,dc_market.csv,M09,dc_id,C03,identifier,identifier,NODE_S1,T_STRUCTURAL_ID,,,documented,machine lineage; external source review may remain
dc_market.csv:M10:dc_id,dc_market.csv,M10,dc_id,C03,identifier,identifier,NODE_S1,T_STRUCTURAL_ID,,,documented,machine lineage; external source review may remain
dc_market.csv:M11:dc_id,dc_market.csv,M11,dc_id,C03,identifier,identifier,NODE_S1,T_STRUCTURAL_ID,,,documented,machine lineage; external source review may remain
dc_market.csv:M12:dc_id,dc_market.csv,M12,dc_id,C03,identifier,identifier,NODE_S1,T_STRUCTURAL_ID,,,documented,machine lineage; external source review may remain
dc_market.csv:M13:dc_id,dc_market.csv,M13,dc_id,C03,identifier,identifier,NODE_S1,T_STRUCTURAL_ID,,,documented,machine lineage; external source review may remain
dc_market.csv:M14:dc_id,dc_market.csv,M14,dc_id,C03,identifier,identifier,NODE_S1,T_STRUCTURAL_ID,,,documented,machine lineage; external source review may remain
dc_market.csv:M15:dc_id,dc_market.csv,M15,dc_id,C03,identifier,identifier,NODE_S1,T_STRUCTURAL_ID,,,documented,machine lineage; external source review may remain
dc_market.csv:C01:dc_id,dc_market.csv,C01,dc_id,C04,identifier,identifier,NODE_S1,T_STRUCTURAL_ID,,,documented,machine lineage; external source review may remain
dc_market.csv:C02:dc_id,dc_market.csv,C02,dc_id,C04,identifier,identifier,NODE_S1,T_STRUCTURAL_ID,,,documented,machine lineage; external source review may remain
dc_market.csv:C03:dc_id,dc_market.csv,C03,dc_id,C04,identifier,identifier,NODE_S1,T_STRUCTURAL_ID,,,documented,machine lineage; external source review may remain
dc_market.csv:C04:dc_id,dc_market.csv,C04,dc_id,C04,identifier,identifier,NODE_S1,T_STRUCTURAL_ID,,,documented,machine lineage; external source review may remain
dc_market.csv:C05:dc_id,dc_market.csv,C05,dc_id,C04,identifier,identifier,NODE_S1,T_STRUCTURAL_ID,,,documented,machine lineage; external source review may remain
dc_market.csv:C06:dc_id,dc_market.csv,C06,dc_id,C04,identifier,identifier,NODE_S1,T_STRUCTURAL_ID,,,documented,machine lineage; external source review may remain
dc_market.csv:C07:dc_id,dc_market.csv,C07,dc_id,C04,identifier,identifier,NODE_S1,T_STRUCTURAL_ID,,,documented,machine lineage; external source review may remain
dc_market.csv:C08:dc_id,dc_market.csv,C08,dc_id,C04,identifier,identifier,NODE_S1,T_STRUCTURAL_ID,,,documented,machine lineage; external source review may remain
dc_market.csv:M09:dc_id,dc_market.csv,M09,dc_id,C04,identifier,identifier,NODE_S1,T_STRUCTURAL_ID,,,documented,machine lineage; external source review may remain
dc_market.csv:M10:dc_id,dc_market.csv,M10,dc_id,C04,identifier,identifier,NODE_S1,T_STRUCTURAL_ID,,,documented,machine lineage; external source review may remain
dc_market.csv:M11:dc_id,dc_market.csv,M11,dc_id,C04,identifier,identifier,NODE_S1,T_STRUCTURAL_ID,,,documented,machine lineage; external source review may remain
dc_market.csv:M12:dc_id,dc_market.csv,M12,dc_id,C04,identifier,identifier,NODE_S1,T_STRUCTURAL_ID,,,documented,machine lineage; external source review may remain
dc_market.csv:M13:dc_id,dc_market.csv,M13,dc_id,C04,identifier,identifier,NODE_S1,T_STRUCTURAL_ID,,,documented,machine lineage; external source review may remain
dc_market.csv:M14:dc_id,dc_market.csv,M14,dc_id,C04,identifier,identifier,NODE_S1,T_STRUCTURAL_ID,,,documented,machine lineage; external source review may remain
dc_market.csv:M15:dc_id,dc_market.csv,M15,dc_id,C04,identifier,identifier,NODE_S1,T_STRUCTURAL_ID,,,documented,machine lineage; external source review may remain
dc_market.csv:C01:dc_id,dc_market.csv,C01,dc_id,C05,identifier,identifier,NODE_S1,T_STRUCTURAL_ID,,,documented,machine lineage; external source review may remain
dc_market.csv:C02:dc_id,dc_market.csv,C02,dc_id,C05,identifier,identifier,NODE_S1,T_STRUCTURAL_ID,,,documented,machine lineage; external source review may remain
dc_market.csv:C03:dc_id,dc_market.csv,C03,dc_id,C05,identifier,identifier,NODE_S1,T_STRUCTURAL_ID,,,documented,machine lineage; external source review may remain
dc_market.csv:C04:dc_id,dc_market.csv,C04,dc_id,C05,identifier,identifier,NODE_S1,T_STRUCTURAL_ID,,,documented,machine lineage; external source review may remain
dc_market.csv:C05:dc_id,dc_market.csv,C05,dc_id,C05,identifier,identifier,NODE_S1,T_STRUCTURAL_ID,,,documented,machine lineage; external source review may remain
dc_market.csv:C06:dc_id,dc_market.csv,C06,dc_id,C05,identifier,identifier,NODE_S1,T_STRUCTURAL_ID,,,documented,machine lineage; external source review may remain
dc_market.csv:C07:dc_id,dc_market.csv,C07,dc_id,C05,identifier,identifier,NODE_S1,T_STRUCTURAL_ID,,,documented,machine lineage; external source review may remain
dc_market.csv:C08:dc_id,dc_market.csv,C08,dc_id,C05,identifier,identifier,NODE_S1,T_STRUCTURAL_ID,,,documented,machine lineage; external source review may remain
dc_market.csv:M09:dc_id,dc_market.csv,M09,dc_id,C05,identifier,identifier,NODE_S1,T_STRUCTURAL_ID,,,documented,machine lineage; external source review may remain
dc_market.csv:M10:dc_id,dc_market.csv,M10,dc_id,C05,identifier,identifier,NODE_S1,T_STRUCTURAL_ID,,,documented,machine lineage; external source review may remain
dc_market.csv:M11:dc_id,dc_market.csv,M11,dc_id,C05,identifier,identifier,NODE_S1,T_STRUCTURAL_ID,,,documented,machine lineage; external source review may remain
dc_market.csv:M12:dc_id,dc_market.csv,M12,dc_id,C05,identifier,identifier,NODE_S1,T_STRUCTURAL_ID,,,documented,machine lineage; external source review may remain
dc_market.csv:M13:dc_id,dc_market.csv,M13,dc_id,C05,identifier,identifier,NODE_S1,T_STRUCTURAL_ID,,,documented,machine lineage; external source review may remain
dc_market.csv:M14:dc_id,dc_market.csv,M14,dc_id,C05,identifier,identifier,NODE_S1,T_STRUCTURAL_ID,,,documented,machine lineage; external source review may remain
dc_market.csv:M15:dc_id,dc_market.csv,M15,dc_id,C05,identifier,identifier,NODE_S1,T_STRUCTURAL_ID,,,documented,machine lineage; external source review may remain
dc_market.csv:C01:dc_id,dc_market.csv,C01,dc_id,C06,identifier,identifier,NODE_S1,T_STRUCTURAL_ID,,,documented,machine lineage; external source review may remain
dc_market.csv:C02:dc_id,dc_market.csv,C02,dc_id,C06,identifier,identifier,NODE_S1,T_STRUCTURAL_ID,,,documented,machine lineage; external source review may remain
dc_market.csv:C03:dc_id,dc_market.csv,C03,dc_id,C06,identifier,identifier,NODE_S1,T_STRUCTURAL_ID,,,documented,machine lineage; external source review may remain
dc_market.csv:C04:dc_id,dc_market.csv,C04,dc_id,C06,identifier,identifier,NODE_S1,T_STRUCTURAL_ID,,,documented,machine lineage; external source review may remain
dc_market.csv:C05:dc_id,dc_market.csv,C05,dc_id,C06,identifier,identifier,NODE_S1,T_STRUCTURAL_ID,,,documented,machine lineage; external source review may remain
dc_market.csv:C06:dc_id,dc_market.csv,C06,dc_id,C06,identifier,identifier,NODE_S1,T_STRUCTURAL_ID,,,documented,machine lineage; external source review may remain
dc_market.csv:C07:dc_id,dc_market.csv,C07,dc_id,C06,identifier,identifier,NODE_S1,T_STRUCTURAL_ID,,,documented,machine lineage; external source review may remain
dc_market.csv:C08:dc_id,dc_market.csv,C08,dc_id,C06,identifier,identifier,NODE_S1,T_STRUCTURAL_ID,,,documented,machine lineage; external source review may remain
dc_market.csv:M09:dc_id,dc_market.csv,M09,dc_id,C06,identifier,identifier,NODE_S1,T_STRUCTURAL_ID,,,documented,machine lineage; external source review may remain
dc_market.csv:M10:dc_id,dc_market.csv,M10,dc_id,C06,identifier,identifier,NODE_S1,T_STRUCTURAL_ID,,,documented,machine lineage; external source review may remain
dc_market.csv:M11:dc_id,dc_market.csv,M11,dc_id,C06,identifier,identifier,NODE_S1,T_STRUCTURAL_ID,,,documented,machine lineage; external source review may remain
dc_market.csv:M12:dc_id,dc_market.csv,M12,dc_id,C06,identifier,identifier,NODE_S1,T_STRUCTURAL_ID,,,documented,machine lineage; external source review may remain
dc_market.csv:M13:dc_id,dc_market.csv,M13,dc_id,C06,identifier,identifier,NODE_S1,T_STRUCTURAL_ID,,,documented,machine lineage; external source review may remain
dc_market.csv:M14:dc_id,dc_market.csv,M14,dc_id,C06,identifier,identifier,NODE_S1,T_STRUCTURAL_ID,,,documented,machine lineage; external source review may remain
dc_market.csv:M15:dc_id,dc_market.csv,M15,dc_id,C06,identifier,identifier,NODE_S1,T_STRUCTURAL_ID,,,documented,machine lineage; external source review may remain
dc_market.csv:C01:dc_id,dc_market.csv,C01,dc_id,C07,identifier,identifier,NODE_S1,T_STRUCTURAL_ID,,,documented,machine lineage; external source review may remain
dc_market.csv:C02:dc_id,dc_market.csv,C02,dc_id,C07,identifier,identifier,NODE_S1,T_STRUCTURAL_ID,,,documented,machine lineage; external source review may remain
dc_market.csv:C03:dc_id,dc_market.csv,C03,dc_id,C07,identifier,identifier,NODE_S1,T_STRUCTURAL_ID,,,documented,machine lineage; external source review may remain
dc_market.csv:C04:dc_id,dc_market.csv,C04,dc_id,C07,identifier,identifier,NODE_S1,T_STRUCTURAL_ID,,,documented,machine lineage; external source review may remain
dc_market.csv:C05:dc_id,dc_market.csv,C05,dc_id,C07,identifier,identifier,NODE_S1,T_STRUCTURAL_ID,,,documented,machine lineage; external source review may remain
dc_market.csv:C06:dc_id,dc_market.csv,C06,dc_id,C07,identifier,identifier,NODE_S1,T_STRUCTURAL_ID,,,documented,machine lineage; external source review may remain
dc_market.csv:C07:dc_id,dc_market.csv,C07,dc_id,C07,identifier,identifier,NODE_S1,T_STRUCTURAL_ID,,,documented,machine lineage; external source review may remain
dc_market.csv:C08:dc_id,dc_market.csv,C08,dc_id,C07,identifier,identifier,NODE_S1,T_STRUCTURAL_ID,,,documented,machine lineage; external source review may remain
dc_market.csv:M09:dc_id,dc_market.csv,M09,dc_id,C07,identifier,identifier,NODE_S1,T_STRUCTURAL_ID,,,documented,machine lineage; external source review may remain
dc_market.csv:M10:dc_id,dc_market.csv,M10,dc_id,C07,identifier,identifier,NODE_S1,T_STRUCTURAL_ID,,,documented,machine lineage; external source review may remain
dc_market.csv:M11:dc_id,dc_market.csv,M11,dc_id,C07,identifier,identifier,NODE_S1,T_STRUCTURAL_ID,,,documented,machine lineage; external source review may remain
dc_market.csv:M12:dc_id,dc_market.csv,M12,dc_id,C07,identifier,identifier,NODE_S1,T_STRUCTURAL_ID,,,documented,machine lineage; external source review may remain
dc_market.csv:M13:dc_id,dc_market.csv,M13,dc_id,C07,identifier,identifier,NODE_S1,T_STRUCTURAL_ID,,,documented,machine lineage; external source review may remain
dc_market.csv:M14:dc_id,dc_market.csv,M14,dc_id,C07,identifier,identifier,NODE_S1,T_STRUCTURAL_ID,,,documented,machine lineage; external source review may remain
dc_market.csv:M15:dc_id,dc_market.csv,M15,dc_id,C07,identifier,identifier,NODE_S1,T_STRUCTURAL_ID,,,documented,machine lineage; external source review may remain
dc_market.csv:C01:dc_id,dc_market.csv,C01,dc_id,C08,identifier,identifier,NODE_S1,T_STRUCTURAL_ID,,,documented,machine lineage; external source review may remain
dc_market.csv:C02:dc_id,dc_market.csv,C02,dc_id,C08,identifier,identifier,NODE_S1,T_STRUCTURAL_ID,,,documented,machine lineage; external source review may remain
dc_market.csv:C03:dc_id,dc_market.csv,C03,dc_id,C08,identifier,identifier,NODE_S1,T_STRUCTURAL_ID,,,documented,machine lineage; external source review may remain
dc_market.csv:C04:dc_id,dc_market.csv,C04,dc_id,C08,identifier,identifier,NODE_S1,T_STRUCTURAL_ID,,,documented,machine lineage; external source review may remain
dc_market.csv:C05:dc_id,dc_market.csv,C05,dc_id,C08,identifier,identifier,NODE_S1,T_STRUCTURAL_ID,,,documented,machine lineage; external source review may remain
dc_market.csv:C06:dc_id,dc_market.csv,C06,dc_id,C08,identifier,identifier,NODE_S1,T_STRUCTURAL_ID,,,documented,machine lineage; external source review may remain
dc_market.csv:C07:dc_id,dc_market.csv,C07,dc_id,C08,identifier,identifier,NODE_S1,T_STRUCTURAL_ID,,,documented,machine lineage; external source review may remain
dc_market.csv:C08:dc_id,dc_market.csv,C08,dc_id,C08,identifier,identifier,NODE_S1,T_STRUCTURAL_ID,,,documented,machine lineage; external source review may remain
dc_market.csv:M09:dc_id,dc_market.csv,M09,dc_id,C08,identifier,identifier,NODE_S1,T_STRUCTURAL_ID,,,documented,machine lineage; external source review may remain
dc_market.csv:M10:dc_id,dc_market.csv,M10,dc_id,C08,identifier,identifier,NODE_S1,T_STRUCTURAL_ID,,,documented,machine lineage; external source review may remain
dc_market.csv:M11:dc_id,dc_market.csv,M11,dc_id,C08,identifier,identifier,NODE_S1,T_STRUCTURAL_ID,,,documented,machine lineage; external source review may remain
dc_market.csv:M12:dc_id,dc_market.csv,M12,dc_id,C08,identifier,identifier,NODE_S1,T_STRUCTURAL_ID,,,documented,machine lineage; external source review may remain
dc_market.csv:M13:dc_id,dc_market.csv,M13,dc_id,C08,identifier,identifier,NODE_S1,T_STRUCTURAL_ID,,,documented,machine lineage; external source review may remain
dc_market.csv:M14:dc_id,dc_market.csv,M14,dc_id,C08,identifier,identifier,NODE_S1,T_STRUCTURAL_ID,,,documented,machine lineage; external source review may remain
dc_market.csv:M15:dc_id,dc_market.csv,M15,dc_id,C08,identifier,identifier,NODE_S1,T_STRUCTURAL_ID,,,documented,machine lineage; external source review may remain
dc_market.csv:C01:market_id,dc_market.csv,C01,market_id,C01,identifier,identifier,NODE_S1,T_STRUCTURAL_ID,,,documented,machine lineage; external source review may remain
dc_market.csv:C02:market_id,dc_market.csv,C02,market_id,C02,identifier,identifier,NODE_S1,T_STRUCTURAL_ID,,,documented,machine lineage; external source review may remain
dc_market.csv:C03:market_id,dc_market.csv,C03,market_id,C03,identifier,identifier,NODE_S1,T_STRUCTURAL_ID,,,documented,machine lineage; external source review may remain
dc_market.csv:C04:market_id,dc_market.csv,C04,market_id,C04,identifier,identifier,NODE_S1,T_STRUCTURAL_ID,,,documented,machine lineage; external source review may remain
dc_market.csv:C05:market_id,dc_market.csv,C05,market_id,C05,identifier,identifier,NODE_S1,T_STRUCTURAL_ID,,,documented,machine lineage; external source review may remain
dc_market.csv:C06:market_id,dc_market.csv,C06,market_id,C06,identifier,identifier,NODE_S1,T_STRUCTURAL_ID,,,documented,machine lineage; external source review may remain
dc_market.csv:C07:market_id,dc_market.csv,C07,market_id,C07,identifier,identifier,NODE_S1,T_STRUCTURAL_ID,,,documented,machine lineage; external source review may remain
dc_market.csv:C08:market_id,dc_market.csv,C08,market_id,C08,identifier,identifier,NODE_S1,T_STRUCTURAL_ID,,,documented,machine lineage; external source review may remain
dc_market.csv:M09:market_id,dc_market.csv,M09,market_id,M09,identifier,identifier,NODE_S1,T_STRUCTURAL_ID,,,documented,machine lineage; external source review may remain
dc_market.csv:M10:market_id,dc_market.csv,M10,market_id,M10,identifier,identifier,NODE_S1,T_STRUCTURAL_ID,,,documented,machine lineage; external source review may remain
dc_market.csv:M11:market_id,dc_market.csv,M11,market_id,M11,identifier,identifier,NODE_S1,T_STRUCTURAL_ID,,,documented,machine lineage; external source review may remain
dc_market.csv:M12:market_id,dc_market.csv,M12,market_id,M12,identifier,identifier,NODE_S1,T_STRUCTURAL_ID,,,documented,machine lineage; external source review may remain
dc_market.csv:M13:market_id,dc_market.csv,M13,market_id,M13,identifier,identifier,NODE_S1,T_STRUCTURAL_ID,,,documented,machine lineage; external source review may remain
dc_market.csv:M14:market_id,dc_market.csv,M14,market_id,M14,identifier,identifier,NODE_S1,T_STRUCTURAL_ID,,,documented,machine lineage; external source review may remain
dc_market.csv:M15:market_id,dc_market.csv,M15,market_id,M15,identifier,identifier,NODE_S1,T_STRUCTURAL_ID,,,documented,machine lineage; external source review may remain
dc_market.csv:C01:market_id,dc_market.csv,C01,market_id,C01,identifier,identifier,NODE_S1,T_STRUCTURAL_ID,,,documented,machine lineage; external source review may remain
dc_market.csv:C02:market_id,dc_market.csv,C02,market_id,C02,identifier,identifier,NODE_S1,T_STRUCTURAL_ID,,,documented,machine lineage; external source review may remain
dc_market.csv:C03:market_id,dc_market.csv,C03,market_id,C03,identifier,identifier,NODE_S1,T_STRUCTURAL_ID,,,documented,machine lineage; external source review may remain
dc_market.csv:C04:market_id,dc_market.csv,C04,market_id,C04,identifier,identifier,NODE_S1,T_STRUCTURAL_ID,,,documented,machine lineage; external source review may remain
dc_market.csv:C05:market_id,dc_market.csv,C05,market_id,C05,identifier,identifier,NODE_S1,T_STRUCTURAL_ID,,,documented,machine lineage; external source review may remain
dc_market.csv:C06:market_id,dc_market.csv,C06,market_id,C06,identifier,identifier,NODE_S1,T_STRUCTURAL_ID,,,documented,machine lineage; external source review may remain
dc_market.csv:C07:market_id,dc_market.csv,C07,market_id,C07,identifier,identifier,NODE_S1,T_STRUCTURAL_ID,,,documented,machine lineage; external source review may remain
dc_market.csv:C08:market_id,dc_market.csv,C08,market_id,C08,identifier,identifier,NODE_S1,T_STRUCTURAL_ID,,,documented,machine lineage; external source review may remain
dc_market.csv:M09:market_id,dc_market.csv,M09,market_id,M09,identifier,identifier,NODE_S1,T_STRUCTURAL_ID,,,documented,machine lineage; external source review may remain
dc_market.csv:M10:market_id,dc_market.csv,M10,market_id,M10,identifier,identifier,NODE_S1,T_STRUCTURAL_ID,,,documented,machine lineage; external source review may remain
dc_market.csv:M11:market_id,dc_market.csv,M11,market_id,M11,identifier,identifier,NODE_S1,T_STRUCTURAL_ID,,,documented,machine lineage; external source review may remain
dc_market.csv:M12:market_id,dc_market.csv,M12,market_id,M12,identifier,identifier,NODE_S1,T_STRUCTURAL_ID,,,documented,machine lineage; external source review may remain
dc_market.csv:M13:market_id,dc_market.csv,M13,market_id,M13,identifier,identifier,NODE_S1,T_STRUCTURAL_ID,,,documented,machine lineage; external source review may remain
dc_market.csv:M14:market_id,dc_market.csv,M14,market_id,M14,identifier,identifier,NODE_S1,T_STRUCTURAL_ID,,,documented,machine lineage; external source review may remain
dc_market.csv:M15:market_id,dc_market.csv,M15,market_id,M15,identifier,identifier,NODE_S1,T_STRUCTURAL_ID,,,documented,machine lineage; external source review may remain
dc_market.csv:C01:market_id,dc_market.csv,C01,market_id,C01,identifier,identifier,NODE_S1,T_STRUCTURAL_ID,,,documented,machine lineage; external source review may remain
dc_market.csv:C02:market_id,dc_market.csv,C02,market_id,C02,identifier,identifier,NODE_S1,T_STRUCTURAL_ID,,,documented,machine lineage; external source review may remain
dc_market.csv:C03:market_id,dc_market.csv,C03,market_id,C03,identifier,identifier,NODE_S1,T_STRUCTURAL_ID,,,documented,machine lineage; external source review may remain
dc_market.csv:C04:market_id,dc_market.csv,C04,market_id,C04,identifier,identifier,NODE_S1,T_STRUCTURAL_ID,,,documented,machine lineage; external source review may remain
dc_market.csv:C05:market_id,dc_market.csv,C05,market_id,C05,identifier,identifier,NODE_S1,T_STRUCTURAL_ID,,,documented,machine lineage; external source review may remain
dc_market.csv:C06:market_id,dc_market.csv,C06,market_id,C06,identifier,identifier,NODE_S1,T_STRUCTURAL_ID,,,documented,machine lineage; external source review may remain
dc_market.csv:C07:market_id,dc_market.csv,C07,market_id,C07,identifier,identifier,NODE_S1,T_STRUCTURAL_ID,,,documented,machine lineage; external source review may remain
dc_market.csv:C08:market_id,dc_market.csv,C08,market_id,C08,identifier,identifier,NODE_S1,T_STRUCTURAL_ID,,,documented,machine lineage; external source review may remain
dc_market.csv:M09:market_id,dc_market.csv,M09,market_id,M09,identifier,identifier,NODE_S1,T_STRUCTURAL_ID,,,documented,machine lineage; external source review may remain
dc_market.csv:M10:market_id,dc_market.csv,M10,market_id,M10,identifier,identifier,NODE_S1,T_STRUCTURAL_ID,,,documented,machine lineage; external source review may remain
dc_market.csv:M11:market_id,dc_market.csv,M11,market_id,M11,identifier,identifier,NODE_S1,T_STRUCTURAL_ID,,,documented,machine lineage; external source review may remain
dc_market.csv:M12:market_id,dc_market.csv,M12,market_id,M12,identifier,identifier,NODE_S1,T_STRUCTURAL_ID,,,documented,machine lineage; external source review may remain
dc_market.csv:M13:market_id,dc_market.csv,M13,market_id,M13,identifier,identifier,NODE_S1,T_STRUCTURAL_ID,,,documented,machine lineage; external source review may remain
dc_market.csv:M14:market_id,dc_market.csv,M14,market_id,M14,identifier,identifier,NODE_S1,T_STRUCTURAL_ID,,,documented,machine lineage; external source review may remain
dc_market.csv:M15:market_id,dc_market.csv,M15,market_id,M15,identifier,identifier,NODE_S1,T_STRUCTURAL_ID,,,documented,machine lineage; external source review may remain
dc_market.csv:C01:market_id,dc_market.csv,C01,market_id,C01,identifier,identifier,NODE_S1,T_STRUCTURAL_ID,,,documented,machine lineage; external source review may remain
dc_market.csv:C02:market_id,dc_market.csv,C02,market_id,C02,identifier,identifier,NODE_S1,T_STRUCTURAL_ID,,,documented,machine lineage; external source review may remain
dc_market.csv:C03:market_id,dc_market.csv,C03,market_id,C03,identifier,identifier,NODE_S1,T_STRUCTURAL_ID,,,documented,machine lineage; external source review may remain
dc_market.csv:C04:market_id,dc_market.csv,C04,market_id,C04,identifier,identifier,NODE_S1,T_STRUCTURAL_ID,,,documented,machine lineage; external source review may remain
dc_market.csv:C05:market_id,dc_market.csv,C05,market_id,C05,identifier,identifier,NODE_S1,T_STRUCTURAL_ID,,,documented,machine lineage; external source review may remain
dc_market.csv:C06:market_id,dc_market.csv,C06,market_id,C06,identifier,identifier,NODE_S1,T_STRUCTURAL_ID,,,documented,machine lineage; external source review may remain
dc_market.csv:C07:market_id,dc_market.csv,C07,market_id,C07,identifier,identifier,NODE_S1,T_STRUCTURAL_ID,,,documented,machine lineage; external source review may remain
dc_market.csv:C08:market_id,dc_market.csv,C08,market_id,C08,identifier,identifier,NODE_S1,T_STRUCTURAL_ID,,,documented,machine lineage; external source review may remain
dc_market.csv:M09:market_id,dc_market.csv,M09,market_id,M09,identifier,identifier,NODE_S1,T_STRUCTURAL_ID,,,documented,machine lineage; external source review may remain
dc_market.csv:M10:market_id,dc_market.csv,M10,market_id,M10,identifier,identifier,NODE_S1,T_STRUCTURAL_ID,,,documented,machine lineage; external source review may remain
dc_market.csv:M11:market_id,dc_market.csv,M11,market_id,M11,identifier,identifier,NODE_S1,T_STRUCTURAL_ID,,,documented,machine lineage; external source review may remain
dc_market.csv:M12:market_id,dc_market.csv,M12,market_id,M12,identifier,identifier,NODE_S1,T_STRUCTURAL_ID,,,documented,machine lineage; external source review may remain
dc_market.csv:M13:market_id,dc_market.csv,M13,market_id,M13,identifier,identifier,NODE_S1,T_STRUCTURAL_ID,,,documented,machine lineage; external source review may remain
dc_market.csv:M14:market_id,dc_market.csv,M14,market_id,M14,identifier,identifier,NODE_S1,T_STRUCTURAL_ID,,,documented,machine lineage; external source review may remain
dc_market.csv:M15:market_id,dc_market.csv,M15,market_id,M15,identifier,identifier,NODE_S1,T_STRUCTURAL_ID,,,documented,machine lineage; external source review may remain
dc_market.csv:C01:market_id,dc_market.csv,C01,market_id,C01,identifier,identifier,NODE_S1,T_STRUCTURAL_ID,,,documented,machine lineage; external source review may remain
dc_market.csv:C02:market_id,dc_market.csv,C02,market_id,C02,identifier,identifier,NODE_S1,T_STRUCTURAL_ID,,,documented,machine lineage; external source review may remain
dc_market.csv:C03:market_id,dc_market.csv,C03,market_id,C03,identifier,identifier,NODE_S1,T_STRUCTURAL_ID,,,documented,machine lineage; external source review may remain
dc_market.csv:C04:market_id,dc_market.csv,C04,market_id,C04,identifier,identifier,NODE_S1,T_STRUCTURAL_ID,,,documented,machine lineage; external source review may remain
dc_market.csv:C05:market_id,dc_market.csv,C05,market_id,C05,identifier,identifier,NODE_S1,T_STRUCTURAL_ID,,,documented,machine lineage; external source review may remain
dc_market.csv:C06:market_id,dc_market.csv,C06,market_id,C06,identifier,identifier,NODE_S1,T_STRUCTURAL_ID,,,documented,machine lineage; external source review may remain
dc_market.csv:C07:market_id,dc_market.csv,C07,market_id,C07,identifier,identifier,NODE_S1,T_STRUCTURAL_ID,,,documented,machine lineage; external source review may remain
dc_market.csv:C08:market_id,dc_market.csv,C08,market_id,C08,identifier,identifier,NODE_S1,T_STRUCTURAL_ID,,,documented,machine lineage; external source review may remain
dc_market.csv:M09:market_id,dc_market.csv,M09,market_id,M09,identifier,identifier,NODE_S1,T_STRUCTURAL_ID,,,documented,machine lineage; external source review may remain
dc_market.csv:M10:market_id,dc_market.csv,M10,market_id,M10,identifier,identifier,NODE_S1,T_STRUCTURAL_ID,,,documented,machine lineage; external source review may remain
dc_market.csv:M11:market_id,dc_market.csv,M11,market_id,M11,identifier,identifier,NODE_S1,T_STRUCTURAL_ID,,,documented,machine lineage; external source review may remain
dc_market.csv:M12:market_id,dc_market.csv,M12,market_id,M12,identifier,identifier,NODE_S1,T_STRUCTURAL_ID,,,documented,machine lineage; external source review may remain
dc_market.csv:M13:market_id,dc_market.csv,M13,market_id,M13,identifier,identifier,NODE_S1,T_STRUCTURAL_ID,,,documented,machine lineage; external source review may remain
dc_market.csv:M14:market_id,dc_market.csv,M14,market_id,M14,identifier,identifier,NODE_S1,T_STRUCTURAL_ID,,,documented,machine lineage; external source review may remain
dc_market.csv:M15:market_id,dc_market.csv,M15,market_id,M15,identifier,identifier,NODE_S1,T_STRUCTURAL_ID,,,documented,machine lineage; external source review may remain
dc_market.csv:C01:market_id,dc_market.csv,C01,market_id,C01,identifier,identifier,NODE_S1,T_STRUCTURAL_ID,,,documented,machine lineage; external source review may remain
dc_market.csv:C02:market_id,dc_market.csv,C02,market_id,C02,identifier,identifier,NODE_S1,T_STRUCTURAL_ID,,,documented,machine lineage; external source review may remain
dc_market.csv:C03:market_id,dc_market.csv,C03,market_id,C03,identifier,identifier,NODE_S1,T_STRUCTURAL_ID,,,documented,machine lineage; external source review may remain
dc_market.csv:C04:market_id,dc_market.csv,C04,market_id,C04,identifier,identifier,NODE_S1,T_STRUCTURAL_ID,,,documented,machine lineage; external source review may remain
dc_market.csv:C05:market_id,dc_market.csv,C05,market_id,C05,identifier,identifier,NODE_S1,T_STRUCTURAL_ID,,,documented,machine lineage; external source review may remain
dc_market.csv:C06:market_id,dc_market.csv,C06,market_id,C06,identifier,identifier,NODE_S1,T_STRUCTURAL_ID,,,documented,machine lineage; external source review may remain
dc_market.csv:C07:market_id,dc_market.csv,C07,market_id,C07,identifier,identifier,NODE_S1,T_STRUCTURAL_ID,,,documented,machine lineage; external source review may remain
dc_market.csv:C08:market_id,dc_market.csv,C08,market_id,C08,identifier,identifier,NODE_S1,T_STRUCTURAL_ID,,,documented,machine lineage; external source review may remain
dc_market.csv:M09:market_id,dc_market.csv,M09,market_id,M09,identifier,identifier,NODE_S1,T_STRUCTURAL_ID,,,documented,machine lineage; external source review may remain
dc_market.csv:M10:market_id,dc_market.csv,M10,market_id,M10,identifier,identifier,NODE_S1,T_STRUCTURAL_ID,,,documented,machine lineage; external source review may remain
dc_market.csv:M11:market_id,dc_market.csv,M11,market_id,M11,identifier,identifier,NODE_S1,T_STRUCTURAL_ID,,,documented,machine lineage; external source review may remain
dc_market.csv:M12:market_id,dc_market.csv,M12,market_id,M12,identifier,identifier,NODE_S1,T_STRUCTURAL_ID,,,documented,machine lineage; external source review may remain
dc_market.csv:M13:market_id,dc_market.csv,M13,market_id,M13,identifier,identifier,NODE_S1,T_STRUCTURAL_ID,,,documented,machine lineage; external source review may remain
dc_market.csv:M14:market_id,dc_market.csv,M14,market_id,M14,identifier,identifier,NODE_S1,T_STRUCTURAL_ID,,,documented,machine lineage; external source review may remain
dc_market.csv:M15:market_id,dc_market.csv,M15,market_id,M15,identifier,identifier,NODE_S1,T_STRUCTURAL_ID,,,documented,machine lineage; external source review may remain
dc_market.csv:C01:market_id,dc_market.csv,C01,market_id,C01,identifier,identifier,NODE_S1,T_STRUCTURAL_ID,,,documented,machine lineage; external source review may remain
dc_market.csv:C02:market_id,dc_market.csv,C02,market_id,C02,identifier,identifier,NODE_S1,T_STRUCTURAL_ID,,,documented,machine lineage; external source review may remain
dc_market.csv:C03:market_id,dc_market.csv,C03,market_id,C03,identifier,identifier,NODE_S1,T_STRUCTURAL_ID,,,documented,machine lineage; external source review may remain
dc_market.csv:C04:market_id,dc_market.csv,C04,market_id,C04,identifier,identifier,NODE_S1,T_STRUCTURAL_ID,,,documented,machine lineage; external source review may remain
dc_market.csv:C05:market_id,dc_market.csv,C05,market_id,C05,identifier,identifier,NODE_S1,T_STRUCTURAL_ID,,,documented,machine lineage; external source review may remain
dc_market.csv:C06:market_id,dc_market.csv,C06,market_id,C06,identifier,identifier,NODE_S1,T_STRUCTURAL_ID,,,documented,machine lineage; external source review may remain
dc_market.csv:C07:market_id,dc_market.csv,C07,market_id,C07,identifier,identifier,NODE_S1,T_STRUCTURAL_ID,,,documented,machine lineage; external source review may remain
dc_market.csv:C08:market_id,dc_market.csv,C08,market_id,C08,identifier,identifier,NODE_S1,T_STRUCTURAL_ID,,,documented,machine lineage; external source review may remain
dc_market.csv:M09:market_id,dc_market.csv,M09,market_id,M09,identifier,identifier,NODE_S1,T_STRUCTURAL_ID,,,documented,machine lineage; external source review may remain
dc_market.csv:M10:market_id,dc_market.csv,M10,market_id,M10,identifier,identifier,NODE_S1,T_STRUCTURAL_ID,,,documented,machine lineage; external source review may remain
dc_market.csv:M11:market_id,dc_market.csv,M11,market_id,M11,identifier,identifier,NODE_S1,T_STRUCTURAL_ID,,,documented,machine lineage; external source review may remain
dc_market.csv:M12:market_id,dc_market.csv,M12,market_id,M12,identifier,identifier,NODE_S1,T_STRUCTURAL_ID,,,documented,machine lineage; external source review may remain
dc_market.csv:M13:market_id,dc_market.csv,M13,market_id,M13,identifier,identifier,NODE_S1,T_STRUCTURAL_ID,,,documented,machine lineage; external source review may remain
dc_market.csv:M14:market_id,dc_market.csv,M14,market_id,M14,identifier,identifier,NODE_S1,T_STRUCTURAL_ID,,,documented,machine lineage; external source review may remain
dc_market.csv:M15:market_id,dc_market.csv,M15,market_id,M15,identifier,identifier,NODE_S1,T_STRUCTURAL_ID,,,documented,machine lineage; external source review may remain
dc_market.csv:C01:market_id,dc_market.csv,C01,market_id,C01,identifier,identifier,NODE_S1,T_STRUCTURAL_ID,,,documented,machine lineage; external source review may remain
dc_market.csv:C02:market_id,dc_market.csv,C02,market_id,C02,identifier,identifier,NODE_S1,T_STRUCTURAL_ID,,,documented,machine lineage; external source review may remain
dc_market.csv:C03:market_id,dc_market.csv,C03,market_id,C03,identifier,identifier,NODE_S1,T_STRUCTURAL_ID,,,documented,machine lineage; external source review may remain
dc_market.csv:C04:market_id,dc_market.csv,C04,market_id,C04,identifier,identifier,NODE_S1,T_STRUCTURAL_ID,,,documented,machine lineage; external source review may remain
dc_market.csv:C05:market_id,dc_market.csv,C05,market_id,C05,identifier,identifier,NODE_S1,T_STRUCTURAL_ID,,,documented,machine lineage; external source review may remain
dc_market.csv:C06:market_id,dc_market.csv,C06,market_id,C06,identifier,identifier,NODE_S1,T_STRUCTURAL_ID,,,documented,machine lineage; external source review may remain
dc_market.csv:C07:market_id,dc_market.csv,C07,market_id,C07,identifier,identifier,NODE_S1,T_STRUCTURAL_ID,,,documented,machine lineage; external source review may remain
dc_market.csv:C08:market_id,dc_market.csv,C08,market_id,C08,identifier,identifier,NODE_S1,T_STRUCTURAL_ID,,,documented,machine lineage; external source review may remain
dc_market.csv:M09:market_id,dc_market.csv,M09,market_id,M09,identifier,identifier,NODE_S1,T_STRUCTURAL_ID,,,documented,machine lineage; external source review may remain
dc_market.csv:M10:market_id,dc_market.csv,M10,market_id,M10,identifier,identifier,NODE_S1,T_STRUCTURAL_ID,,,documented,machine lineage; external source review may remain
dc_market.csv:M11:market_id,dc_market.csv,M11,market_id,M11,identifier,identifier,NODE_S1,T_STRUCTURAL_ID,,,documented,machine lineage; external source review may remain
dc_market.csv:M12:market_id,dc_market.csv,M12,market_id,M12,identifier,identifier,NODE_S1,T_STRUCTURAL_ID,,,documented,machine lineage; external source review may remain
dc_market.csv:M13:market_id,dc_market.csv,M13,market_id,M13,identifier,identifier,NODE_S1,T_STRUCTURAL_ID,,,documented,machine lineage; external source review may remain
dc_market.csv:M14:market_id,dc_market.csv,M14,market_id,M14,identifier,identifier,NODE_S1,T_STRUCTURAL_ID,,,documented,machine lineage; external source review may remain
dc_market.csv:M15:market_id,dc_market.csv,M15,market_id,M15,identifier,identifier,NODE_S1,T_STRUCTURAL_ID,,,documented,machine lineage; external source review may remain
dc_market.csv:C01:road_distance_km,dc_market.csv,C01,road_distance_km,0.0,km,derived,NODE_S1,T_OSRM_METRE_KM_001,,,documented,machine lineage; external source review may remain
dc_market.csv:C02:road_distance_km,dc_market.csv,C02,road_distance_km,299.202,km,derived,NODE_S1,T_OSRM_METRE_KM_001,,,documented,machine lineage; external source review may remain
dc_market.csv:C03:road_distance_km,dc_market.csv,C03,road_distance_km,95.671,km,derived,NODE_S1,T_OSRM_METRE_KM_001,,,documented,machine lineage; external source review may remain
dc_market.csv:C04:road_distance_km,dc_market.csv,C04,road_distance_km,136.153,km,derived,NODE_S1,T_OSRM_METRE_KM_001,,,documented,machine lineage; external source review may remain
dc_market.csv:C05:road_distance_km,dc_market.csv,C05,road_distance_km,179.239,km,derived,NODE_S1,T_OSRM_METRE_KM_001,,,documented,machine lineage; external source review may remain
dc_market.csv:C06:road_distance_km,dc_market.csv,C06,road_distance_km,217.906,km,derived,NODE_S1,T_OSRM_METRE_KM_001,,,documented,machine lineage; external source review may remain
dc_market.csv:C07:road_distance_km,dc_market.csv,C07,road_distance_km,466.45,km,derived,NODE_S1,T_OSRM_METRE_KM_001,,,documented,machine lineage; external source review may remain
dc_market.csv:C08:road_distance_km,dc_market.csv,C08,road_distance_km,101.831,km,derived,NODE_S1,T_OSRM_METRE_KM_001,,,documented,machine lineage; external source review may remain
dc_market.csv:M09:road_distance_km,dc_market.csv,M09,road_distance_km,176.949,km,derived,NODE_S1,T_OSRM_METRE_KM_001,,,documented,machine lineage; external source review may remain
dc_market.csv:M10:road_distance_km,dc_market.csv,M10,road_distance_km,121.325,km,derived,NODE_S1,T_OSRM_METRE_KM_001,,,documented,machine lineage; external source review may remain
dc_market.csv:M11:road_distance_km,dc_market.csv,M11,road_distance_km,232.896,km,derived,NODE_S1,T_OSRM_METRE_KM_001,,,documented,machine lineage; external source review may remain
dc_market.csv:M12:road_distance_km,dc_market.csv,M12,road_distance_km,191.466,km,derived,NODE_S1,T_OSRM_METRE_KM_001,,,documented,machine lineage; external source review may remain
dc_market.csv:M13:road_distance_km,dc_market.csv,M13,road_distance_km,151.824,km,derived,NODE_S1,T_OSRM_METRE_KM_001,,,documented,machine lineage; external source review may remain
dc_market.csv:M14:road_distance_km,dc_market.csv,M14,road_distance_km,350.464,km,derived,NODE_S1,T_OSRM_METRE_KM_001,,,documented,machine lineage; external source review may remain
dc_market.csv:M15:road_distance_km,dc_market.csv,M15,road_distance_km,331.999,km,derived,NODE_S1,T_OSRM_METRE_KM_001,,,documented,machine lineage; external source review may remain
dc_market.csv:C01:road_distance_km,dc_market.csv,C01,road_distance_km,295.938,km,derived,NODE_S1,T_OSRM_METRE_KM_001,,,documented,machine lineage; external source review may remain
dc_market.csv:C02:road_distance_km,dc_market.csv,C02,road_distance_km,0.0,km,derived,NODE_S1,T_OSRM_METRE_KM_001,,,documented,machine lineage; external source review may remain
dc_market.csv:C03:road_distance_km,dc_market.csv,C03,road_distance_km,215.171,km,derived,NODE_S1,T_OSRM_METRE_KM_001,,,documented,machine lineage; external source review may remain
dc_market.csv:C04:road_distance_km,dc_market.csv,C04,road_distance_km,185.517,km,derived,NODE_S1,T_OSRM_METRE_KM_001,,,documented,machine lineage; external source review may remain
dc_market.csv:C05:road_distance_km,dc_market.csv,C05,road_distance_km,272.235,km,derived,NODE_S1,T_OSRM_METRE_KM_001,,,documented,machine lineage; external source review may remain
dc_market.csv:C06:road_distance_km,dc_market.csv,C06,road_distance_km,413.439,km,derived,NODE_S1,T_OSRM_METRE_KM_001,,,documented,machine lineage; external source review may remain
dc_market.csv:C07:road_distance_km,dc_market.csv,C07,road_distance_km,170.181,km,derived,NODE_S1,T_OSRM_METRE_KM_001,,,documented,machine lineage; external source review may remain
dc_market.csv:C08:road_distance_km,dc_market.csv,C08,road_distance_km,282.828,km,derived,NODE_S1,T_OSRM_METRE_KM_001,,,documented,machine lineage; external source review may remain
dc_market.csv:M09:road_distance_km,dc_market.csv,M09,road_distance_km,129.149,km,derived,NODE_S1,T_OSRM_METRE_KM_001,,,documented,machine lineage; external source review may remain
dc_market.csv:M10:road_distance_km,dc_market.csv,M10,road_distance_km,236.325,km,derived,NODE_S1,T_OSRM_METRE_KM_001,,,documented,machine lineage; external source review may remain
dc_market.csv:M11:road_distance_km,dc_market.csv,M11,road_distance_km,149.428,km,derived,NODE_S1,T_OSRM_METRE_KM_001,,,documented,machine lineage; external source review may remain
dc_market.csv:M12:road_distance_km,dc_market.csv,M12,road_distance_km,326.862,km,derived,NODE_S1,T_OSRM_METRE_KM_001,,,documented,machine lineage; external source review may remain
dc_market.csv:M13:road_distance_km,dc_market.csv,M13,road_distance_km,200.417,km,derived,NODE_S1,T_OSRM_METRE_KM_001,,,documented,machine lineage; external source review may remain
dc_market.csv:M14:road_distance_km,dc_market.csv,M14,road_distance_km,101.608,km,derived,NODE_S1,T_OSRM_METRE_KM_001,,,documented,machine lineage; external source review may remain
dc_market.csv:M15:road_distance_km,dc_market.csv,M15,road_distance_km,401.741,km,derived,NODE_S1,T_OSRM_METRE_KM_001,,,documented,machine lineage; external source review may remain
dc_market.csv:C01:road_distance_km,dc_market.csv,C01,road_distance_km,94.432,km,derived,NODE_S1,T_OSRM_METRE_KM_001,,,documented,machine lineage; external source review may remain
dc_market.csv:C02:road_distance_km,dc_market.csv,C02,road_distance_km,214.664,km,derived,NODE_S1,T_OSRM_METRE_KM_001,,,documented,machine lineage; external source review may remain
dc_market.csv:C03:road_distance_km,dc_market.csv,C03,road_distance_km,0.0,km,derived,NODE_S1,T_OSRM_METRE_KM_001,,,documented,machine lineage; external source review may remain
dc_market.csv:C04:road_distance_km,dc_market.csv,C04,road_distance_km,42.166,km,derived,NODE_S1,T_OSRM_METRE_KM_001,,,documented,machine lineage; external source review may remain
dc_market.csv:C05:road_distance_km,dc_market.csv,C05,road_distance_km,143.586,km,derived,NODE_S1,T_OSRM_METRE_KM_001,,,documented,machine lineage; external source review may remain
dc_market.csv:C06:road_distance_km,dc_market.csv,C06,road_distance_km,215.624,km,derived,NODE_S1,T_OSRM_METRE_KM_001,,,documented,machine lineage; external source review may remain
dc_market.csv:C07:road_distance_km,dc_market.csv,C07,road_distance_km,381.911,km,derived,NODE_S1,T_OSRM_METRE_KM_001,,,documented,machine lineage; external source review may remain
dc_market.csv:C08:road_distance_km,dc_market.csv,C08,road_distance_km,73.437,km,derived,NODE_S1,T_OSRM_METRE_KM_001,,,documented,machine lineage; external source review may remain
dc_market.csv:M09:road_distance_km,dc_market.csv,M09,road_distance_km,92.411,km,derived,NODE_S1,T_OSRM_METRE_KM_001,,,documented,machine lineage; external source review may remain
dc_market.csv:M10:road_distance_km,dc_market.csv,M10,road_distance_km,104.401,km,derived,NODE_S1,T_OSRM_METRE_KM_001,,,documented,machine lineage; external source review may remain
dc_market.csv:M11:road_distance_km,dc_market.csv,M11,road_distance_km,158.713,km,derived,NODE_S1,T_OSRM_METRE_KM_001,,,documented,machine lineage; external source review may remain
dc_market.csv:M12:road_distance_km,dc_market.csv,M12,road_distance_km,158.734,km,derived,NODE_S1,T_OSRM_METRE_KM_001,,,documented,machine lineage; external source review may remain
dc_market.csv:M13:road_distance_km,dc_market.csv,M13,road_distance_km,92.517,km,derived,NODE_S1,T_OSRM_METRE_KM_001,,,documented,machine lineage; external source review may remain
dc_market.csv:M14:road_distance_km,dc_market.csv,M14,road_distance_km,256.376,km,derived,NODE_S1,T_OSRM_METRE_KM_001,,,documented,machine lineage; external source review may remain
dc_market.csv:M15:road_distance_km,dc_market.csv,M15,road_distance_km,295.525,km,derived,NODE_S1,T_OSRM_METRE_KM_001,,,documented,machine lineage; external source review may remain
dc_market.csv:C01:road_distance_km,dc_market.csv,C01,road_distance_km,130.468,km,derived,NODE_S1,T_OSRM_METRE_KM_001,,,documented,machine lineage; external source review may remain
dc_market.csv:C02:road_distance_km,dc_market.csv,C02,road_distance_km,185.449,km,derived,NODE_S1,T_OSRM_METRE_KM_001,,,documented,machine lineage; external source review may remain
dc_market.csv:C03:road_distance_km,dc_market.csv,C03,road_distance_km,41.136,km,derived,NODE_S1,T_OSRM_METRE_KM_001,,,documented,machine lineage; external source review may remain
dc_market.csv:C04:road_distance_km,dc_market.csv,C04,road_distance_km,0.0,km,derived,NODE_S1,T_OSRM_METRE_KM_001,,,documented,machine lineage; external source review may remain
dc_market.csv:C05:road_distance_km,dc_market.csv,C05,road_distance_km,183.192,km,derived,NODE_S1,T_OSRM_METRE_KM_001,,,documented,machine lineage; external source review may remain
dc_market.csv:C06:road_distance_km,dc_market.csv,C06,road_distance_km,255.229,km,derived,NODE_S1,T_OSRM_METRE_KM_001,,,documented,machine lineage; external source review may remain
dc_market.csv:C07:road_distance_km,dc_market.csv,C07,road_distance_km,343.537,km,derived,NODE_S1,T_OSRM_METRE_KM_001,,,documented,machine lineage; external source review may remain
dc_market.csv:C08:road_distance_km,dc_market.csv,C08,road_distance_km,117.359,km,derived,NODE_S1,T_OSRM_METRE_KM_001,,,documented,machine lineage; external source review may remain
dc_market.csv:M09:road_distance_km,dc_market.csv,M09,road_distance_km,58.053,km,derived,NODE_S1,T_OSRM_METRE_KM_001,,,documented,machine lineage; external source review may remain
dc_market.csv:M10:road_distance_km,dc_market.csv,M10,road_distance_km,119.154,km,derived,NODE_S1,T_OSRM_METRE_KM_001,,,documented,machine lineage; external source review may remain
dc_market.csv:M11:road_distance_km,dc_market.csv,M11,road_distance_km,129.462,km,derived,NODE_S1,T_OSRM_METRE_KM_001,,,documented,machine lineage; external source review may remain
dc_market.csv:M12:road_distance_km,dc_market.csv,M12,road_distance_km,198.339,km,derived,NODE_S1,T_OSRM_METRE_KM_001,,,documented,machine lineage; external source review may remain
dc_market.csv:M13:road_distance_km,dc_market.csv,M13,road_distance_km,121.865,km,derived,NODE_S1,T_OSRM_METRE_KM_001,,,documented,machine lineage; external source review may remain
dc_market.csv:M14:road_distance_km,dc_market.csv,M14,road_distance_km,224.651,km,derived,NODE_S1,T_OSRM_METRE_KM_001,,,documented,machine lineage; external source review may remain
dc_market.csv:M15:road_distance_km,dc_market.csv,M15,road_distance_km,335.131,km,derived,NODE_S1,T_OSRM_METRE_KM_001,,,documented,machine lineage; external source review may remain
dc_market.csv:C01:road_distance_km,dc_market.csv,C01,road_distance_km,174.415,km,derived,NODE_S1,T_OSRM_METRE_KM_001,,,documented,machine lineage; external source review may remain
dc_market.csv:C02:road_distance_km,dc_market.csv,C02,road_distance_km,272.101,km,derived,NODE_S1,T_OSRM_METRE_KM_001,,,documented,machine lineage; external source review may remain
dc_market.csv:C03:road_distance_km,dc_market.csv,C03,road_distance_km,143.821,km,derived,NODE_S1,T_OSRM_METRE_KM_001,,,documented,machine lineage; external source review may remain
dc_market.csv:C04:road_distance_km,dc_market.csv,C04,road_distance_km,184.082,km,derived,NODE_S1,T_OSRM_METRE_KM_001,,,documented,machine lineage; external source review may remain
dc_market.csv:C05:road_distance_km,dc_market.csv,C05,road_distance_km,0.0,km,derived,NODE_S1,T_OSRM_METRE_KM_001,,,documented,machine lineage; external source review may remain
dc_market.csv:C06:road_distance_km,dc_market.csv,C06,road_distance_km,149.464,km,derived,NODE_S1,T_OSRM_METRE_KM_001,,,documented,machine lineage; external source review may remain
dc_market.csv:C07:road_distance_km,dc_market.csv,C07,road_distance_km,404.946,km,derived,NODE_S1,T_OSRM_METRE_KM_001,,,documented,machine lineage; external source review may remain
dc_market.csv:C08:road_distance_km,dc_market.csv,C08,road_distance_km,85.317,km,derived,NODE_S1,T_OSRM_METRE_KM_001,,,documented,machine lineage; external source review may remain
dc_market.csv:M09:road_distance_km,dc_market.csv,M09,road_distance_km,198.64,km,derived,NODE_S1,T_OSRM_METRE_KM_001,,,documented,machine lineage; external source review may remain
dc_market.csv:M10:road_distance_km,dc_market.csv,M10,road_distance_km,246.416,km,derived,NODE_S1,T_OSRM_METRE_KM_001,,,documented,machine lineage; external source review may remain
dc_market.csv:M11:road_distance_km,dc_market.csv,M11,road_distance_km,289.205,km,derived,NODE_S1,T_OSRM_METRE_KM_001,,,documented,machine lineage; external source review may remain
dc_market.csv:M12:road_distance_km,dc_market.csv,M12,road_distance_km,57.665,km,derived,NODE_S1,T_OSRM_METRE_KM_001,,,documented,machine lineage; external source review may remain
dc_market.csv:M13:road_distance_km,dc_market.csv,M13,road_distance_km,80.526,km,derived,NODE_S1,T_OSRM_METRE_KM_001,,,documented,machine lineage; external source review may remain
dc_market.csv:M14:road_distance_km,dc_market.csv,M14,road_distance_km,265.505,km,derived,NODE_S1,T_OSRM_METRE_KM_001,,,documented,machine lineage; external source review may remain
dc_market.csv:M15:road_distance_km,dc_market.csv,M15,road_distance_km,170.665,km,derived,NODE_S1,T_OSRM_METRE_KM_001,,,documented,machine lineage; external source review may remain
dc_market.csv:C01:road_distance_km,dc_market.csv,C01,road_distance_km,213.613,km,derived,NODE_S1,T_OSRM_METRE_KM_001,,,documented,machine lineage; external source review may remain
dc_market.csv:C02:road_distance_km,dc_market.csv,C02,road_distance_km,415.566,km,derived,NODE_S1,T_OSRM_METRE_KM_001,,,documented,machine lineage; external source review may remain
dc_market.csv:C03:road_distance_km,dc_market.csv,C03,road_distance_km,216.801,km,derived,NODE_S1,T_OSRM_METRE_KM_001,,,documented,machine lineage; external source review may remain
dc_market.csv:C04:road_distance_km,dc_market.csv,C04,road_distance_km,263.046,km,derived,NODE_S1,T_OSRM_METRE_KM_001,,,documented,machine lineage; external source review may remain
dc_market.csv:C05:road_distance_km,dc_market.csv,C05,road_distance_km,150.3,km,derived,NODE_S1,T_OSRM_METRE_KM_001,,,documented,machine lineage; external source review may remain
dc_market.csv:C06:road_distance_km,dc_market.csv,C06,road_distance_km,0.0,km,derived,NODE_S1,T_OSRM_METRE_KM_001,,,documented,machine lineage; external source review may remain
dc_market.csv:C07:road_distance_km,dc_market.csv,C07,road_distance_km,554.761,km,derived,NODE_S1,T_OSRM_METRE_KM_001,,,documented,machine lineage; external source review may remain
dc_market.csv:C08:road_distance_km,dc_market.csv,C08,road_distance_km,148.427,km,derived,NODE_S1,T_OSRM_METRE_KM_001,,,documented,machine lineage; external source review may remain
dc_market.csv:M09:road_distance_km,dc_market.csv,M09,road_distance_km,303.842,km,derived,NODE_S1,T_OSRM_METRE_KM_001,,,documented,machine lineage; external source review may remain
dc_market.csv:M10:road_distance_km,dc_market.csv,M10,road_distance_km,288.388,km,derived,NODE_S1,T_OSRM_METRE_KM_001,,,documented,machine lineage; external source review may remain
dc_market.csv:M11:road_distance_km,dc_market.csv,M11,road_distance_km,370.144,km,derived,NODE_S1,T_OSRM_METRE_KM_001,,,documented,machine lineage; external source review may remain
dc_market.csv:M12:road_distance_km,dc_market.csv,M12,road_distance_km,107.025,km,derived,NODE_S1,T_OSRM_METRE_KM_001,,,documented,machine lineage; external source review may remain
dc_market.csv:M13:road_distance_km,dc_market.csv,M13,road_distance_km,220.242,km,derived,NODE_S1,T_OSRM_METRE_KM_001,,,documented,machine lineage; external source review may remain
dc_market.csv:M14:road_distance_km,dc_market.csv,M14,road_distance_km,415.32,km,derived,NODE_S1,T_OSRM_METRE_KM_001,,,documented,machine lineage; external source review may remain
dc_market.csv:M15:road_distance_km,dc_market.csv,M15,road_distance_km,235.049,km,derived,NODE_S1,T_OSRM_METRE_KM_001,,,documented,machine lineage; external source review may remain
dc_market.csv:C01:road_distance_km,dc_market.csv,C01,road_distance_km,463.365,km,derived,NODE_S1,T_OSRM_METRE_KM_001,,,documented,machine lineage; external source review may remain
dc_market.csv:C02:road_distance_km,dc_market.csv,C02,road_distance_km,171.093,km,derived,NODE_S1,T_OSRM_METRE_KM_001,,,documented,machine lineage; external source review may remain
dc_market.csv:C03:road_distance_km,dc_market.csv,C03,road_distance_km,374.416,km,derived,NODE_S1,T_OSRM_METRE_KM_001,,,documented,machine lineage; external source review may remain
dc_market.csv:C04:road_distance_km,dc_market.csv,C04,road_distance_km,345.917,km,derived,NODE_S1,T_OSRM_METRE_KM_001,,,documented,machine lineage; external source review may remain
dc_market.csv:C05:road_distance_km,dc_market.csv,C05,road_distance_km,409.138,km,derived,NODE_S1,T_OSRM_METRE_KM_001,,,documented,machine lineage; external source review may remain
dc_market.csv:C06:road_distance_km,dc_market.csv,C06,road_distance_km,554.816,km,derived,NODE_S1,T_OSRM_METRE_KM_001,,,documented,machine lineage; external source review may remain
dc_market.csv:C07:road_distance_km,dc_market.csv,C07,road_distance_km,0.0,km,derived,NODE_S1,T_OSRM_METRE_KM_001,,,documented,machine lineage; external source review may remain
dc_market.csv:C08:road_distance_km,dc_market.csv,C08,road_distance_km,426.072,km,derived,NODE_S1,T_OSRM_METRE_KM_001,,,documented,machine lineage; external source review may remain
dc_market.csv:M09:road_distance_km,dc_market.csv,M09,road_distance_km,298.235,km,derived,NODE_S1,T_OSRM_METRE_KM_001,,,documented,machine lineage; external source review may remain
dc_market.csv:M10:road_distance_km,dc_market.csv,M10,road_distance_km,403.733,km,derived,NODE_S1,T_OSRM_METRE_KM_001,,,documented,machine lineage; external source review may remain
dc_market.csv:M11:road_distance_km,dc_market.csv,M11,road_distance_km,301.243,km,derived,NODE_S1,T_OSRM_METRE_KM_001,,,documented,machine lineage; external source review may remain
dc_market.csv:M12:road_distance_km,dc_market.csv,M12,road_distance_km,468.512,km,derived,NODE_S1,T_OSRM_METRE_KM_001,,,documented,machine lineage; external source review may remain
dc_market.csv:M13:road_distance_km,dc_market.csv,M13,road_distance_km,349.161,km,derived,NODE_S1,T_OSRM_METRE_KM_001,,,documented,machine lineage; external source review may remain
dc_market.csv:M14:road_distance_km,dc_market.csv,M14,road_distance_km,149.56,km,derived,NODE_S1,T_OSRM_METRE_KM_001,,,documented,machine lineage; external source review may remain
dc_market.csv:M15:road_distance_km,dc_market.csv,M15,road_distance_km,484.527,km,derived,NODE_S1,T_OSRM_METRE_KM_001,,,documented,machine lineage; external source review may remain
dc_market.csv:C01:road_distance_km,dc_market.csv,C01,road_distance_km,97.311,km,derived,NODE_S1,T_OSRM_METRE_KM_001,,,documented,machine lineage; external source review may remain
dc_market.csv:C02:road_distance_km,dc_market.csv,C02,road_distance_km,283.339,km,derived,NODE_S1,T_OSRM_METRE_KM_001,,,documented,machine lineage; external source review may remain
dc_market.csv:C03:road_distance_km,dc_market.csv,C03,road_distance_km,72.6,km,derived,NODE_S1,T_OSRM_METRE_KM_001,,,documented,machine lineage; external source review may remain
dc_market.csv:C04:road_distance_km,dc_market.csv,C04,road_distance_km,120.29,km,derived,NODE_S1,T_OSRM_METRE_KM_001,,,documented,machine lineage; external source review may remain
dc_market.csv:C05:road_distance_km,dc_market.csv,C05,road_distance_km,84.99,km,derived,NODE_S1,T_OSRM_METRE_KM_001,,,documented,machine lineage; external source review may remain
dc_market.csv:C06:road_distance_km,dc_market.csv,C06,road_distance_km,148.033,km,derived,NODE_S1,T_OSRM_METRE_KM_001,,,documented,machine lineage; external source review may remain
dc_market.csv:C07:road_distance_km,dc_market.csv,C07,road_distance_km,423.098,km,derived,NODE_S1,T_OSRM_METRE_KM_001,,,documented,machine lineage; external source review may remain
dc_market.csv:C08:road_distance_km,dc_market.csv,C08,road_distance_km,0.0,km,derived,NODE_S1,T_OSRM_METRE_KM_001,,,documented,machine lineage; external source review may remain
dc_market.csv:M09:road_distance_km,dc_market.csv,M09,road_distance_km,161.086,km,derived,NODE_S1,T_OSRM_METRE_KM_001,,,documented,machine lineage; external source review may remain
dc_market.csv:M10:road_distance_km,dc_market.csv,M10,road_distance_km,164.042,km,derived,NODE_S1,T_OSRM_METRE_KM_001,,,documented,machine lineage; external source review may remain
dc_market.csv:M11:road_distance_km,dc_market.csv,M11,road_distance_km,227.387,km,derived,NODE_S1,T_OSRM_METRE_KM_001,,,documented,machine lineage; external source review may remain
dc_market.csv:M12:road_distance_km,dc_market.csv,M12,road_distance_km,97.125,km,derived,NODE_S1,T_OSRM_METRE_KM_001,,,documented,machine lineage; external source review may remain
dc_market.csv:M13:road_distance_km,dc_market.csv,M13,road_distance_km,81.637,km,derived,NODE_S1,T_OSRM_METRE_KM_001,,,documented,machine lineage; external source review may remain
dc_market.csv:M14:road_distance_km,dc_market.csv,M14,road_distance_km,283.657,km,derived,NODE_S1,T_OSRM_METRE_KM_001,,,documented,machine lineage; external source review may remain
dc_market.csv:M15:road_distance_km,dc_market.csv,M15,road_distance_km,237.75,km,derived,NODE_S1,T_OSRM_METRE_KM_001,,,documented,machine lineage; external source review may remain
dc_market.csv:C01:transport_cost_baseline,dc_market.csv,C01,transport_cost_baseline,0.0,CNY/tonne,derived,SCEN_TOTAL_DEMAND,T_TRANSPORT_COST_001,,,documented,machine lineage; external source review may remain
dc_market.csv:C02:transport_cost_baseline,dc_market.csv,C02,transport_cost_baseline,116.688858,CNY/tonne,derived,SCEN_TOTAL_DEMAND,T_TRANSPORT_COST_001,,,documented,machine lineage; external source review may remain
dc_market.csv:C03:transport_cost_baseline,dc_market.csv,C03,transport_cost_baseline,37.311768,CNY/tonne,derived,SCEN_TOTAL_DEMAND,T_TRANSPORT_COST_001,,,documented,machine lineage; external source review may remain
dc_market.csv:C04:transport_cost_baseline,dc_market.csv,C04,transport_cost_baseline,53.09967,CNY/tonne,derived,SCEN_TOTAL_DEMAND,T_TRANSPORT_COST_001,,,documented,machine lineage; external source review may remain
dc_market.csv:C05:transport_cost_baseline,dc_market.csv,C05,transport_cost_baseline,69.903093,CNY/tonne,derived,SCEN_TOTAL_DEMAND,T_TRANSPORT_COST_001,,,documented,machine lineage; external source review may remain
dc_market.csv:C06:transport_cost_baseline,dc_market.csv,C06,transport_cost_baseline,84.983301,CNY/tonne,derived,SCEN_TOTAL_DEMAND,T_TRANSPORT_COST_001,,,documented,machine lineage; external source review may remain
dc_market.csv:C07:transport_cost_baseline,dc_market.csv,C07,transport_cost_baseline,181.915383,CNY/tonne,derived,SCEN_TOTAL_DEMAND,T_TRANSPORT_COST_001,,,documented,machine lineage; external source review may remain
dc_market.csv:C08:transport_cost_baseline,dc_market.csv,C08,transport_cost_baseline,39.713973,CNY/tonne,derived,SCEN_TOTAL_DEMAND,T_TRANSPORT_COST_001,,,documented,machine lineage; external source review may remain
dc_market.csv:M09:transport_cost_baseline,dc_market.csv,M09,transport_cost_baseline,69.010188,CNY/tonne,derived,SCEN_TOTAL_DEMAND,T_TRANSPORT_COST_001,,,documented,machine lineage; external source review may remain
dc_market.csv:M10:transport_cost_baseline,dc_market.csv,M10,transport_cost_baseline,47.316828,CNY/tonne,derived,SCEN_TOTAL_DEMAND,T_TRANSPORT_COST_001,,,documented,machine lineage; external source review may remain
dc_market.csv:M11:transport_cost_baseline,dc_market.csv,M11,transport_cost_baseline,90.829479,CNY/tonne,derived,SCEN_TOTAL_DEMAND,T_TRANSPORT_COST_001,,,documented,machine lineage; external source review may remain
dc_market.csv:M12:transport_cost_baseline,dc_market.csv,M12,transport_cost_baseline,74.671857,CNY/tonne,derived,SCEN_TOTAL_DEMAND,T_TRANSPORT_COST_001,,,documented,machine lineage; external source review may remain
dc_market.csv:M13:transport_cost_baseline,dc_market.csv,M13,transport_cost_baseline,59.211243,CNY/tonne,derived,SCEN_TOTAL_DEMAND,T_TRANSPORT_COST_001,,,documented,machine lineage; external source review may remain
dc_market.csv:M14:transport_cost_baseline,dc_market.csv,M14,transport_cost_baseline,136.68096,CNY/tonne,derived,SCEN_TOTAL_DEMAND,T_TRANSPORT_COST_001,,,documented,machine lineage; external source review may remain
dc_market.csv:M15:transport_cost_baseline,dc_market.csv,M15,transport_cost_baseline,129.479571,CNY/tonne,derived,SCEN_TOTAL_DEMAND,T_TRANSPORT_COST_001,,,documented,machine lineage; external source review may remain
dc_market.csv:C01:transport_cost_baseline,dc_market.csv,C01,transport_cost_baseline,115.415625,CNY/tonne,derived,SCEN_TOTAL_DEMAND,T_TRANSPORT_COST_001,,,documented,machine lineage; external source review may remain
dc_market.csv:C02:transport_cost_baseline,dc_market.csv,C02,transport_cost_baseline,0.0,CNY/tonne,derived,SCEN_TOTAL_DEMAND,T_TRANSPORT_COST_001,,,documented,machine lineage; external source review may remain
dc_market.csv:C03:transport_cost_baseline,dc_market.csv,C03,transport_cost_baseline,83.916807,CNY/tonne,derived,SCEN_TOTAL_DEMAND,T_TRANSPORT_COST_001,,,documented,machine lineage; external source review may remain
dc_market.csv:C04:transport_cost_baseline,dc_market.csv,C04,transport_cost_baseline,72.351708,CNY/tonne,derived,SCEN_TOTAL_DEMAND,T_TRANSPORT_COST_001,,,documented,machine lineage; external source review may remain
dc_market.csv:C05:transport_cost_baseline,dc_market.csv,C05,transport_cost_baseline,106.171572,CNY/tonne,derived,SCEN_TOTAL_DEMAND,T_TRANSPORT_COST_001,,,documented,machine lineage; external source review may remain
dc_market.csv:C06:transport_cost_baseline,dc_market.csv,C06,transport_cost_baseline,161.241249,CNY/tonne,derived,SCEN_TOTAL_DEMAND,T_TRANSPORT_COST_001,,,documented,machine lineage; external source review may remain
dc_market.csv:C07:transport_cost_baseline,dc_market.csv,C07,transport_cost_baseline,66.370512,CNY/tonne,derived,SCEN_TOTAL_DEMAND,T_TRANSPORT_COST_001,,,documented,machine lineage; external source review may remain
dc_market.csv:C08:transport_cost_baseline,dc_market.csv,C08,transport_cost_baseline,110.302764,CNY/tonne,derived,SCEN_TOTAL_DEMAND,T_TRANSPORT_COST_001,,,documented,machine lineage; external source review may remain
dc_market.csv:M09:transport_cost_baseline,dc_market.csv,M09,transport_cost_baseline,50.367915,CNY/tonne,derived,SCEN_TOTAL_DEMAND,T_TRANSPORT_COST_001,,,documented,machine lineage; external source review may remain
dc_market.csv:M10:transport_cost_baseline,dc_market.csv,M10,transport_cost_baseline,92.166789,CNY/tonne,derived,SCEN_TOTAL_DEMAND,T_TRANSPORT_COST_001,,,documented,machine lineage; external source review may remain
dc_market.csv:M11:transport_cost_baseline,dc_market.csv,M11,transport_cost_baseline,58.276764,CNY/tonne,derived,SCEN_TOTAL_DEMAND,T_TRANSPORT_COST_001,,,documented,machine lineage; external source review may remain
dc_market.csv:M12:transport_cost_baseline,dc_market.csv,M12,transport_cost_baseline,127.476219,CNY/tonne,derived,SCEN_TOTAL_DEMAND,T_TRANSPORT_COST_001,,,documented,machine lineage; external source review may remain
dc_market.csv:M13:transport_cost_baseline,dc_market.csv,M13,transport_cost_baseline,78.16263,CNY/tonne,derived,SCEN_TOTAL_DEMAND,T_TRANSPORT_COST_001,,,documented,machine lineage; external source review may remain
dc_market.csv:M14:transport_cost_baseline,dc_market.csv,M14,transport_cost_baseline,39.627042,CNY/tonne,derived,SCEN_TOTAL_DEMAND,T_TRANSPORT_COST_001,,,documented,machine lineage; external source review may remain
dc_market.csv:M15:transport_cost_baseline,dc_market.csv,M15,transport_cost_baseline,156.678873,CNY/tonne,derived,SCEN_TOTAL_DEMAND,T_TRANSPORT_COST_001,,,documented,machine lineage; external source review may remain
dc_market.csv:C01:transport_cost_baseline,dc_market.csv,C01,transport_cost_baseline,36.82848,CNY/tonne,derived,SCEN_TOTAL_DEMAND,T_TRANSPORT_COST_001,,,documented,machine lineage; external source review may remain
dc_market.csv:C02:transport_cost_baseline,dc_market.csv,C02,transport_cost_baseline,83.71896,CNY/tonne,derived,SCEN_TOTAL_DEMAND,T_TRANSPORT_COST_001,,,documented,machine lineage; external source review may remain
dc_market.csv:C03:transport_cost_baseline,dc_market.csv,C03,transport_cost_baseline,0.0,CNY/tonne,derived,SCEN_TOTAL_DEMAND,T_TRANSPORT_COST_001,,,documented,machine lineage; external source review may remain
dc_market.csv:C04:transport_cost_baseline,dc_market.csv,C04,transport_cost_baseline,16.44474,CNY/tonne,derived,SCEN_TOTAL_DEMAND,T_TRANSPORT_COST_001,,,documented,machine lineage; external source review may remain
dc_market.csv:C05:transport_cost_baseline,dc_market.csv,C05,transport_cost_baseline,55.998657,CNY/tonne,derived,SCEN_TOTAL_DEMAND,T_TRANSPORT_COST_001,,,documented,machine lineage; external source review may remain
dc_market.csv:C06:transport_cost_baseline,dc_market.csv,C06,transport_cost_baseline,84.093282,CNY/tonne,derived,SCEN_TOTAL_DEMAND,T_TRANSPORT_COST_001,,,documented,machine lineage; external source review may remain
dc_market.csv:C07:transport_cost_baseline,dc_market.csv,C07,transport_cost_baseline,148.945485,CNY/tonne,derived,SCEN_TOTAL_DEMAND,T_TRANSPORT_COST_001,,,documented,machine lineage; external source review may remain
dc_market.csv:C08:transport_cost_baseline,dc_market.csv,C08,transport_cost_baseline,28.640313,CNY/tonne,derived,SCEN_TOTAL_DEMAND,T_TRANSPORT_COST_001,,,documented,machine lineage; external source review may remain
dc_market.csv:M09:transport_cost_baseline,dc_market.csv,M09,transport_cost_baseline,36.040329,CNY/tonne,derived,SCEN_TOTAL_DEMAND,T_TRANSPORT_COST_001,,,documented,machine lineage; external source review may remain
dc_market.csv:M10:transport_cost_baseline,dc_market.csv,M10,transport_cost_baseline,40.716429,CNY/tonne,derived,SCEN_TOTAL_DEMAND,T_TRANSPORT_COST_001,,,documented,machine lineage; external source review may remain
dc_market.csv:M11:transport_cost_baseline,dc_market.csv,M11,transport_cost_baseline,61.897992,CNY/tonne,derived,SCEN_TOTAL_DEMAND,T_TRANSPORT_COST_001,,,documented,machine lineage; external source review may remain
dc_market.csv:M12:transport_cost_baseline,dc_market.csv,M12,transport_cost_baseline,61.906221,CNY/tonne,derived,SCEN_TOTAL_DEMAND,T_TRANSPORT_COST_001,,,documented,machine lineage; external source review may remain
dc_market.csv:M13:transport_cost_baseline,dc_market.csv,M13,transport_cost_baseline,36.081747,CNY/tonne,derived,SCEN_TOTAL_DEMAND,T_TRANSPORT_COST_001,,,documented,machine lineage; external source review may remain
dc_market.csv:M14:transport_cost_baseline,dc_market.csv,M14,transport_cost_baseline,99.986562,CNY/tonne,derived,SCEN_TOTAL_DEMAND,T_TRANSPORT_COST_001,,,documented,machine lineage; external source review may remain
dc_market.csv:M15:transport_cost_baseline,dc_market.csv,M15,transport_cost_baseline,115.254828,CNY/tonne,derived,SCEN_TOTAL_DEMAND,T_TRANSPORT_COST_001,,,documented,machine lineage; external source review may remain
dc_market.csv:C01:transport_cost_baseline,dc_market.csv,C01,transport_cost_baseline,50.882676,CNY/tonne,derived,SCEN_TOTAL_DEMAND,T_TRANSPORT_COST_001,,,documented,machine lineage; external source review may remain
dc_market.csv:C02:transport_cost_baseline,dc_market.csv,C02,transport_cost_baseline,72.324954,CNY/tonne,derived,SCEN_TOTAL_DEMAND,T_TRANSPORT_COST_001,,,documented,machine lineage; external source review may remain
dc_market.csv:C03:transport_cost_baseline,dc_market.csv,C03,transport_cost_baseline,16.042845,CNY/tonne,derived,SCEN_TOTAL_DEMAND,T_TRANSPORT_COST_001,,,documented,machine lineage; external source review may remain
dc_market.csv:C04:transport_cost_baseline,dc_market.csv,C04,transport_cost_baseline,0.0,CNY/tonne,derived,SCEN_TOTAL_DEMAND,T_TRANSPORT_COST_001,,,documented,machine lineage; external source review may remain
dc_market.csv:C05:transport_cost_baseline,dc_market.csv,C05,transport_cost_baseline,71.444802,CNY/tonne,derived,SCEN_TOTAL_DEMAND,T_TRANSPORT_COST_001,,,documented,machine lineage; external source review may remain
dc_market.csv:C06:transport_cost_baseline,dc_market.csv,C06,transport_cost_baseline,99.539466,CNY/tonne,derived,SCEN_TOTAL_DEMAND,T_TRANSPORT_COST_001,,,documented,machine lineage; external source review may remain
dc_market.csv:C07:transport_cost_baseline,dc_market.csv,C07,transport_cost_baseline,133.979391,CNY/tonne,derived,SCEN_TOTAL_DEMAND,T_TRANSPORT_COST_001,,,documented,machine lineage; external source review may remain
dc_market.csv:C08:transport_cost_baseline,dc_market.csv,C08,transport_cost_baseline,45.769854,CNY/tonne,derived,SCEN_TOTAL_DEMAND,T_TRANSPORT_COST_001,,,documented,machine lineage; external source review may remain
dc_market.csv:M09:transport_cost_baseline,dc_market.csv,M09,transport_cost_baseline,22.640865,CNY/tonne,derived,SCEN_TOTAL_DEMAND,T_TRANSPORT_COST_001,,,documented,machine lineage; external source review may remain
dc_market.csv:M10:transport_cost_baseline,dc_market.csv,M10,transport_cost_baseline,46.470216,CNY/tonne,derived,SCEN_TOTAL_DEMAND,T_TRANSPORT_COST_001,,,documented,machine lineage; external source review may remain
dc_market.csv:M11:transport_cost_baseline,dc_market.csv,M11,transport_cost_baseline,50.489985,CNY/tonne,derived,SCEN_TOTAL_DEMAND,T_TRANSPORT_COST_001,,,documented,machine lineage; external source review may remain
dc_market.csv:M12:transport_cost_baseline,dc_market.csv,M12,transport_cost_baseline,77.352405,CNY/tonne,derived,SCEN_TOTAL_DEMAND,T_TRANSPORT_COST_001,,,documented,machine lineage; external source review may remain
dc_market.csv:M13:transport_cost_baseline,dc_market.csv,M13,transport_cost_baseline,47.527233,CNY/tonne,derived,SCEN_TOTAL_DEMAND,T_TRANSPORT_COST_001,,,documented,machine lineage; external source review may remain
dc_market.csv:M14:transport_cost_baseline,dc_market.csv,M14,transport_cost_baseline,87.613734,CNY/tonne,derived,SCEN_TOTAL_DEMAND,T_TRANSPORT_COST_001,,,documented,machine lineage; external source review may remain
dc_market.csv:M15:transport_cost_baseline,dc_market.csv,M15,transport_cost_baseline,130.700973,CNY/tonne,derived,SCEN_TOTAL_DEMAND,T_TRANSPORT_COST_001,,,documented,machine lineage; external source review may remain
dc_market.csv:C01:transport_cost_baseline,dc_market.csv,C01,transport_cost_baseline,68.021811,CNY/tonne,derived,SCEN_TOTAL_DEMAND,T_TRANSPORT_COST_001,,,documented,machine lineage; external source review may remain
dc_market.csv:C02:transport_cost_baseline,dc_market.csv,C02,transport_cost_baseline,106.119273,CNY/tonne,derived,SCEN_TOTAL_DEMAND,T_TRANSPORT_COST_001,,,documented,machine lineage; external source review may remain
dc_market.csv:C03:transport_cost_baseline,dc_market.csv,C03,transport_cost_baseline,56.090307,CNY/tonne,derived,SCEN_TOTAL_DEMAND,T_TRANSPORT_COST_001,,,documented,machine lineage; external source review may remain
dc_market.csv:C04:transport_cost_baseline,dc_market.csv,C04,transport_cost_baseline,71.791785,CNY/tonne,derived,SCEN_TOTAL_DEMAND,T_TRANSPORT_COST_001,,,documented,machine lineage; external source review may remain
dc_market.csv:C05:transport_cost_baseline,dc_market.csv,C05,transport_cost_baseline,0.0,CNY/tonne,derived,SCEN_TOTAL_DEMAND,T_TRANSPORT_COST_001,,,documented,machine lineage; external source review may remain
dc_market.csv:C06:transport_cost_baseline,dc_market.csv,C06,transport_cost_baseline,58.291077,CNY/tonne,derived,SCEN_TOTAL_DEMAND,T_TRANSPORT_COST_001,,,documented,machine lineage; external source review may remain
dc_market.csv:C07:transport_cost_baseline,dc_market.csv,C07,transport_cost_baseline,157.928862,CNY/tonne,derived,SCEN_TOTAL_DEMAND,T_TRANSPORT_COST_001,,,documented,machine lineage; external source review may remain
dc_market.csv:C08:transport_cost_baseline,dc_market.csv,C08,transport_cost_baseline,33.273747,CNY/tonne,derived,SCEN_TOTAL_DEMAND,T_TRANSPORT_COST_001,,,documented,machine lineage; external source review may remain
dc_market.csv:M09:transport_cost_baseline,dc_market.csv,M09,transport_cost_baseline,77.469444,CNY/tonne,derived,SCEN_TOTAL_DEMAND,T_TRANSPORT_COST_001,,,documented,machine lineage; external source review may remain
dc_market.csv:M10:transport_cost_baseline,dc_market.csv,M10,transport_cost_baseline,96.102318,CNY/tonne,derived,SCEN_TOTAL_DEMAND,T_TRANSPORT_COST_001,,,documented,machine lineage; external source review may remain
dc_market.csv:M11:transport_cost_baseline,dc_market.csv,M11,transport_cost_baseline,112.790067,CNY/tonne,derived,SCEN_TOTAL_DEMAND,T_TRANSPORT_COST_001,,,documented,machine lineage; external source review may remain
dc_market.csv:M12:transport_cost_baseline,dc_market.csv,M12,transport_cost_baseline,22.489194,CNY/tonne,derived,SCEN_TOTAL_DEMAND,T_TRANSPORT_COST_001,,,documented,machine lineage; external source review may remain
dc_market.csv:M13:transport_cost_baseline,dc_market.csv,M13,transport_cost_baseline,31.405296,CNY/tonne,derived,SCEN_TOTAL_DEMAND,T_TRANSPORT_COST_001,,,documented,machine lineage; external source review may remain
dc_market.csv:M14:transport_cost_baseline,dc_market.csv,M14,transport_cost_baseline,103.546794,CNY/tonne,derived,SCEN_TOTAL_DEMAND,T_TRANSPORT_COST_001,,,documented,machine lineage; external source review may remain
dc_market.csv:M15:transport_cost_baseline,dc_market.csv,M15,transport_cost_baseline,66.55935,CNY/tonne,derived,SCEN_TOTAL_DEMAND,T_TRANSPORT_COST_001,,,documented,machine lineage; external source review may remain
dc_market.csv:C01:transport_cost_baseline,dc_market.csv,C01,transport_cost_baseline,83.309187,CNY/tonne,derived,SCEN_TOTAL_DEMAND,T_TRANSPORT_COST_001,,,documented,machine lineage; external source review may remain
dc_market.csv:C02:transport_cost_baseline,dc_market.csv,C02,transport_cost_baseline,162.070779,CNY/tonne,derived,SCEN_TOTAL_DEMAND,T_TRANSPORT_COST_001,,,documented,machine lineage; external source review may remain
dc_market.csv:C03:transport_cost_baseline,dc_market.csv,C03,transport_cost_baseline,84.552468,CNY/tonne,derived,SCEN_TOTAL_DEMAND,T_TRANSPORT_COST_001,,,documented,machine lineage; external source review may remain
dc_market.csv:C04:transport_cost_baseline,dc_market.csv,C04,transport_cost_baseline,102.587862,CNY/tonne,derived,SCEN_TOTAL_DEMAND,T_TRANSPORT_COST_001,,,documented,machine lineage; external source review may remain
dc_market.csv:C05:transport_cost_baseline,dc_market.csv,C05,transport_cost_baseline,58.616883,CNY/tonne,derived,SCEN_TOTAL_DEMAND,T_TRANSPORT_COST_001,,,documented,machine lineage; external source review may remain
dc_market.csv:C06:transport_cost_baseline,dc_market.csv,C06,transport_cost_baseline,0.0,CNY/tonne,derived,SCEN_TOTAL_DEMAND,T_TRANSPORT_COST_001,,,documented,machine lineage; external source review may remain
dc_market.csv:C07:transport_cost_baseline,dc_market.csv,C07,transport_cost_baseline,216.356634,CNY/tonne,derived,SCEN_TOTAL_DEMAND,T_TRANSPORT_COST_001,,,documented,machine lineage; external source review may remain
dc_market.csv:C08:transport_cost_baseline,dc_market.csv,C08,transport_cost_baseline,57.886608,CNY/tonne,derived,SCEN_TOTAL_DEMAND,T_TRANSPORT_COST_001,,,documented,machine lineage; external source review may remain
dc_market.csv:M09:transport_cost_baseline,dc_market.csv,M09,transport_cost_baseline,118.498419,CNY/tonne,derived,SCEN_TOTAL_DEMAND,T_TRANSPORT_COST_001,,,documented,machine lineage; external source review may remain
dc_market.csv:M10:transport_cost_baseline,dc_market.csv,M10,transport_cost_baseline,112.471476,CNY/tonne,derived,SCEN_TOTAL_DEMAND,T_TRANSPORT_COST_001,,,documented,machine lineage; external source review may remain
dc_market.csv:M11:transport_cost_baseline,dc_market.csv,M11,transport_cost_baseline,144.356121,CNY/tonne,derived,SCEN_TOTAL_DEMAND,T_TRANSPORT_COST_001,,,documented,machine lineage; external source review may remain
dc_market.csv:M12:transport_cost_baseline,dc_market.csv,M12,transport_cost_baseline,41.739906,CNY/tonne,derived,SCEN_TOTAL_DEMAND,T_TRANSPORT_COST_001,,,documented,machine lineage; external source review may remain
dc_market.csv:M13:transport_cost_baseline,dc_market.csv,M13,transport_cost_baseline,85.894224,CNY/tonne,derived,SCEN_TOTAL_DEMAND,T_TRANSPORT_COST_001,,,documented,machine lineage; external source review may remain
dc_market.csv:M14:transport_cost_baseline,dc_market.csv,M14,transport_cost_baseline,161.974605,CNY/tonne,derived,SCEN_TOTAL_DEMAND,T_TRANSPORT_COST_001,,,documented,machine lineage; external source review may remain
dc_market.csv:M15:transport_cost_baseline,dc_market.csv,M15,transport_cost_baseline,91.669032,CNY/tonne,derived,SCEN_TOTAL_DEMAND,T_TRANSPORT_COST_001,,,documented,machine lineage; external source review may remain
dc_market.csv:C01:transport_cost_baseline,dc_market.csv,C01,transport_cost_baseline,180.712545,CNY/tonne,derived,SCEN_TOTAL_DEMAND,T_TRANSPORT_COST_001,,,documented,machine lineage; external source review may remain
dc_market.csv:C02:transport_cost_baseline,dc_market.csv,C02,transport_cost_baseline,66.72627,CNY/tonne,derived,SCEN_TOTAL_DEMAND,T_TRANSPORT_COST_001,,,documented,machine lineage; external source review may remain
dc_market.csv:C03:transport_cost_baseline,dc_market.csv,C03,transport_cost_baseline,146.022318,CNY/tonne,derived,SCEN_TOTAL_DEMAND,T_TRANSPORT_COST_001,,,documented,machine lineage; external source review may remain
dc_market.csv:C04:transport_cost_baseline,dc_market.csv,C04,transport_cost_baseline,134.907786,CNY/tonne,derived,SCEN_TOTAL_DEMAND,T_TRANSPORT_COST_001,,,documented,machine lineage; external source review may remain
dc_market.csv:C05:transport_cost_baseline,dc_market.csv,C05,transport_cost_baseline,159.563976,CNY/tonne,derived,SCEN_TOTAL_DEMAND,T_TRANSPORT_COST_001,,,documented,machine lineage; external source review may remain
dc_market.csv:C06:transport_cost_baseline,dc_market.csv,C06,transport_cost_baseline,216.378279,CNY/tonne,derived,SCEN_TOTAL_DEMAND,T_TRANSPORT_COST_001,,,documented,machine lineage; external source review may remain
dc_market.csv:C07:transport_cost_baseline,dc_market.csv,C07,transport_cost_baseline,0.0,CNY/tonne,derived,SCEN_TOTAL_DEMAND,T_TRANSPORT_COST_001,,,documented,machine lineage; external source review may remain
dc_market.csv:C08:transport_cost_baseline,dc_market.csv,C08,transport_cost_baseline,166.168236,CNY/tonne,derived,SCEN_TOTAL_DEMAND,T_TRANSPORT_COST_001,,,documented,machine lineage; external source review may remain
dc_market.csv:M09:transport_cost_baseline,dc_market.csv,M09,transport_cost_baseline,116.311572,CNY/tonne,derived,SCEN_TOTAL_DEMAND,T_TRANSPORT_COST_001,,,documented,machine lineage; external source review may remain
dc_market.csv:M10:transport_cost_baseline,dc_market.csv,M10,transport_cost_baseline,157.455675,CNY/tonne,derived,SCEN_TOTAL_DEMAND,T_TRANSPORT_COST_001,,,documented,machine lineage; external source review may remain
dc_market.csv:M11:transport_cost_baseline,dc_market.csv,M11,transport_cost_baseline,117.484809,CNY/tonne,derived,SCEN_TOTAL_DEMAND,T_TRANSPORT_COST_001,,,documented,machine lineage; external source review may remain
dc_market.csv:M12:transport_cost_baseline,dc_market.csv,M12,transport_cost_baseline,182.719563,CNY/tonne,derived,SCEN_TOTAL_DEMAND,T_TRANSPORT_COST_001,,,documented,machine lineage; external source review may remain
dc_market.csv:M13:transport_cost_baseline,dc_market.csv,M13,transport_cost_baseline,136.172595,CNY/tonne,derived,SCEN_TOTAL_DEMAND,T_TRANSPORT_COST_001,,,documented,machine lineage; external source review may remain
dc_market.csv:M14:transport_cost_baseline,dc_market.csv,M14,transport_cost_baseline,58.328517,CNY/tonne,derived,SCEN_TOTAL_DEMAND,T_TRANSPORT_COST_001,,,documented,machine lineage; external source review may remain
dc_market.csv:M15:transport_cost_baseline,dc_market.csv,M15,transport_cost_baseline,188.965413,CNY/tonne,derived,SCEN_TOTAL_DEMAND,T_TRANSPORT_COST_001,,,documented,machine lineage; external source review may remain
dc_market.csv:C01:transport_cost_baseline,dc_market.csv,C01,transport_cost_baseline,37.951095,CNY/tonne,derived,SCEN_TOTAL_DEMAND,T_TRANSPORT_COST_001,,,documented,machine lineage; external source review may remain
dc_market.csv:C02:transport_cost_baseline,dc_market.csv,C02,transport_cost_baseline,110.502132,CNY/tonne,derived,SCEN_TOTAL_DEMAND,T_TRANSPORT_COST_001,,,documented,machine lineage; external source review may remain
dc_market.csv:C03:transport_cost_baseline,dc_market.csv,C03,transport_cost_baseline,28.314078,CNY/tonne,derived,SCEN_TOTAL_DEMAND,T_TRANSPORT_COST_001,,,documented,machine lineage; external source review may remain
dc_market.csv:C04:transport_cost_baseline,dc_market.csv,C04,transport_cost_baseline,46.912905,CNY/tonne,derived,SCEN_TOTAL_DEMAND,T_TRANSPORT_COST_001,,,documented,machine lineage; external source review may remain
dc_market.csv:C05:transport_cost_baseline,dc_market.csv,C05,transport_cost_baseline,33.1461,CNY/tonne,derived,SCEN_TOTAL_DEMAND,T_TRANSPORT_COST_001,,,documented,machine lineage; external source review may remain
dc_market.csv:C06:transport_cost_baseline,dc_market.csv,C06,transport_cost_baseline,57.732987,CNY/tonne,derived,SCEN_TOTAL_DEMAND,T_TRANSPORT_COST_001,,,documented,machine lineage; external source review may remain
dc_market.csv:C07:transport_cost_baseline,dc_market.csv,C07,transport_cost_baseline,165.00822,CNY/tonne,derived,SCEN_TOTAL_DEMAND,T_TRANSPORT_COST_001,,,documented,machine lineage; external source review may remain
dc_market.csv:C08:transport_cost_baseline,dc_market.csv,C08,transport_cost_baseline,0.0,CNY/tonne,derived,SCEN_TOTAL_DEMAND,T_TRANSPORT_COST_001,,,documented,machine lineage; external source review may remain
dc_market.csv:M09:transport_cost_baseline,dc_market.csv,M09,transport_cost_baseline,62.823462,CNY/tonne,derived,SCEN_TOTAL_DEMAND,T_TRANSPORT_COST_001,,,documented,machine lineage; external source review may remain
dc_market.csv:M10:transport_cost_baseline,dc_market.csv,M10,transport_cost_baseline,63.976575,CNY/tonne,derived,SCEN_TOTAL_DEMAND,T_TRANSPORT_COST_001,,,documented,machine lineage; external source review may remain
dc_market.csv:M11:transport_cost_baseline,dc_market.csv,M11,transport_cost_baseline,88.681125,CNY/tonne,derived,SCEN_TOTAL_DEMAND,T_TRANSPORT_COST_001,,,documented,machine lineage; external source review may remain
dc_market.csv:M12:transport_cost_baseline,dc_market.csv,M12,transport_cost_baseline,37.878594,CNY/tonne,derived,SCEN_TOTAL_DEMAND,T_TRANSPORT_COST_001,,,documented,machine lineage; external source review may remain
dc_market.csv:M13:transport_cost_baseline,dc_market.csv,M13,transport_cost_baseline,31.838274,CNY/tonne,derived,SCEN_TOTAL_DEMAND,T_TRANSPORT_COST_001,,,documented,machine lineage; external source review may remain
dc_market.csv:M14:transport_cost_baseline,dc_market.csv,M14,transport_cost_baseline,110.626191,CNY/tonne,derived,SCEN_TOTAL_DEMAND,T_TRANSPORT_COST_001,,,documented,machine lineage; external source review may remain
dc_market.csv:M15:transport_cost_baseline,dc_market.csv,M15,transport_cost_baseline,92.722539,CNY/tonne,derived,SCEN_TOTAL_DEMAND,T_TRANSPORT_COST_001,,,documented,machine lineage; external source review may remain
